financial_year,state_code,states,requirement_urea,availability_urea,sales_urea,requirement_dap,availability_dap,sales_dap,requirement_mop,availability_mop,sales_mop,requirement_npks,availability_npks,sales_npks
2014-15,1.0,Andaman & Nicobar,0.01,0.01,0.01,0.01,0.01,0.01,0.01,0.0,0.0,0.01,0.0,0.0
2014-15,2.0,Andhra Pradesh,18.27,18.54,18.07,5.52,3.13,2.94,2.94,2.77,2.54,13.84,13.4,12.51
2014-15,3.0,Arunachal Pradesh,0.02,0.0,0.0,0.0,0.0,0.0,0.01,0.0,0.0,0.0,0.0,0.0
2014-15,4.0,Assam,3.15,3.19,3.16,0.45,0.37,0.33,1.25,0.79,0.67,0.1,0.13,0.11
2014-15,5.0,Bihar,19.0,19.43,19.4,4.6,3.66,3.53,1.55,1.77,1.54,2.75,2.87,2.66
2014-15,6.0,Chandigarh,0.0,0.0,0.0,0.0,0.0,0.0,0.0,0.0,0.0,0.0,0.0,0.0
2014-15,7.0,Chattisgarh,6.75,6.32,6.28,2.75,2.37,2.33,0.85,0.7,0.61,1.8,0.78,0.71
2014-15,8.0,Dadra & Nagar Haveli,0.01,0.01,0.01,0.01,0.01,0.01,0.0,0.0,0.0,0.0,0.0,0.0
2014-15,9.0,Daman & Diu,0.0,0.0,0.0,0.0,0.0,0.0,0.0,0.0,0.0,0.0,0.0,0.0
2014-15,10.0,Delhi,0.08,0.09,0.09,0.05,0.0,0.0,0.02,0.0,0.0,0.03,0.0,0.0
2014-15,11.0,GOA,0.05,0.04,0.04,0.03,0.01,0.01,0.01,0.01,0.01,0.05,0.03,0.03
2014-15,12.0,Gujarat,22.0,22.75,22.7,5.4,4.31,4.04,1.4,1.36,1.33,5.2,5.94,5.61
2014-15,13.0,Harayana,18.6,20.05,20.02,4.5,4.27,4.12,0.25,0.59,0.51,0.45,0.36,0.35
2014-15,14.0,Himachal Pradesh,0.7,0.67,0.67,0.0,0.0,0.0,0.09,0.1,0.1,0.31,0.21,0.21
2014-15,15.0,J&K,1.38,1.17,1.16,0.72,0.73,0.64,0.25,0.3,0.25,0.0,0.02,0.02
2014-15,16.0,Jharkhand,2.25,1.8,1.8,0.75,0.27,0.27,0.16,0.01,0.01,0.55,0.26,0.26
2014-15,17.0,Karnataka,14.0,15.42,15.32,6.0,5.24,5.1,3.25,3.94,3.63,12.0,12.61,12.1
2014-15,18.0,Kerala,1.7,1.36,1.36,0.25,0.35,0.31,1.63,1.15,1.14,2.3,1.5,1.4
2014-15,19.0,Lakshadweep,0.0,0.0,0.0,0.0,0.0,0.0,0.0,0.0,0.0,0.0,0.0,0.0
2014-15,20.0,Madhya Pradesh,20.0,20.73,20.7,10.0,9.17,9.03,0.9,0.99,0.83,3.45,2.5,2.25
2014-15,21.0,Maharashtra,26.5,25.78,25.68,8.5,5.49,5.59,4.0,4.9,4.48,20.0,17.02,16.17
2014-15,22.0,Manipur,0.29,0.23,0.23,0.07,0.0,0.0,0.06,0.0,0.0,0.03,0.0,0.0
2014-15,23.0,Meghalaya,0.03,0.06,0.06,0.01,0.0,0.0,0.01,0.0,0.0,0.0,0.0,0.0
2014-15,24.0,Mizoram,0.09,0.04,0.04,0.06,0.0,0.0,0.05,0.0,0.0,0.0,0.0,0.0
2014-15,25.0,Nagaland,0.02,0.01,0.01,0.01,0.0,0.0,0.01,0.0,0.0,0.01,0.0,0.0
2014-15,26.0,Orissa,6.0,5.06,5.04,1.6,1.49,1.47,1.25,0.94,0.9,3.25,2.33,2.29
2014-15,27.0,Pondicherry,0.22,0.15,0.15,0.02,0.02,0.01,0.03,0.03,0.02,0.1,0.07,0.06
2014-15,28.0,Punjab,24.8,27.35,27.34,9.0,7.36,7.15,0.5,0.75,0.65,0.45,0.46,0.45
2014-15,29.0,Rajasthan,18.5,18.49,18.47,5.0,5.71,5.66,0.16,0.16,0.12,0.96,0.68,0.66
2014-15,30.0,Sikkim,0.0,0.0,0.0,0.0,0.0,0.0,0.0,0.0,0.0,0.0,0.0,0.0
2014-15,31.0,Tamil Nadu,10.0,9.9,9.9,3.75,2.42,2.38,4.0,3.01,2.93,6.5,5.37,5.16
2014-15,32.0,Telangana,14.23,12.47,12.36,3.23,1.68,1.65,1.31,1.17,1.08,7.66,7.83,7.59
2014-15,33.0,Tripura,0.35,0.22,0.22,0.06,0.0,0.0,0.14,0.03,0.03,0.03,0.01,0.01
2014-15,34.0,Uttar Pradesh,62.0,63.14,62.54,19.5,16.84,16.17,1.75,2.36,2.04,9.0,6.57,6.29
2014-15,35.0,Uttarakhand,2.5,2.82,2.8,0.35,0.26,0.26,0.05,0.02,0.02,0.5,0.42,0.39
2014-15,36.0,West Bengal,13.2,13.13,13.12,3.75,2.63,2.55,2.4,2.88,2.36,8.5,9.21,8.7
2014-15,37.0,All India,306.71,310.42,308.74,95.94,77.8,75.57,30.26,30.72,27.8,99.81,90.57,85.98
2015-16,1.0,Andaman & Nicobar,0.01,0.0,0.0,0.01,0.01,0.01,0.01,0.0,0.0,0.01,0.01,0.01
2015-16,2.0,Andhra Pradesh,17.35,16.21,15.47,4.7,3.89,3.77,3.5,2.23,2.12,13.5,12.49,12.08
2015-16,3.0,Arunachal Pradesh,0.02,0.0,0.0,0.0,0.0,0.0,0.01,0.0,0.0,0.0,0.0,0.0
2015-16,4.0,Assam,3.3,3.93,3.91,0.5,0.58,0.48,1.3,0.72,0.7,0.1,0.16,0.15
2015-16,5.0,Bihar,19.25,23.84,23.58,5.0,5.88,5.45,1.9,1.65,1.54,3.25,3.87,3.7
2015-16,6.0,Chandigarh,0.0,0.0,0.0,0.0,0.0,0.0,0.0,0.0,0.0,0.0,0.0,0.0
2015-16,7.0,Chattisgarh,6.75,8.74,8.45,3.0,3.28,3.13,1.05,0.82,0.72,1.5,0.98,0.88
2015-16,8.0,Dadra & Nagar Haveli,0.01,0.01,0.01,0.01,0.01,0.01,0.0,0.0,0.0,0.0,0.0,0.0
2015-16,9.0,Daman & Diu,0.01,0.0,0.0,0.0,0.0,0.0,0.0,0.0,0.0,0.0,0.0,0.0
2015-16,10.0,Delhi,0.09,0.11,0.11,0.06,0.01,0.01,0.02,0.0,0.0,0.03,0.0,0.0
2015-16,11.0,GOA,0.05,0.04,0.04,0.02,0.02,0.02,0.01,0.01,0.01,0.05,0.03,0.03
2015-16,12.0,Gujarat,20.5,21.31,21.04,5.0,5.28,5.12,1.8,1.19,1.17,5.2,6.26,5.98
2015-16,13.0,Harayana,18.6,21.7,21.13,6.0,6.8,6.64,0.45,0.5,0.4,0.65,0.28,0.25
2015-16,14.0,Himachal Pradesh,0.71,0.73,0.73,0.0,0.0,0.0,0.09,0.08,0.08,0.3,0.36,0.36
2015-16,15.0,J&K,1.32,1.59,1.55,0.78,0.61,0.59,0.26,0.11,0.11,0.0,0.03,0.03
2015-16,16.0,Jharkhand,2.25,2.39,2.35,1.05,0.66,0.66,0.16,0.03,0.03,0.85,0.35,0.33
2015-16,17.0,Karnataka,13.71,15.38,14.61,5.9,6.15,5.89,3.91,2.64,2.48,11.63,12.9,11.92
2015-16,18.0,Kerala,1.68,1.48,1.41,0.34,0.28,0.24,1.75,0.88,0.86,2.25,1.32,1.21
2015-16,19.0,Lakshadweep,0.0,0.0,0.0,0.0,0.0,0.0,0.0,0.0,0.0,0.0,0.0,0.0
2015-16,20.0,Madhya Pradesh,28.0,24.84,23.87,12.0,11.3,10.51,1.1,1.05,0.79,3.75,3.25,2.95
2015-16,21.0,Maharashtra,27.0,24.01,23.6,8.5,6.8,6.72,4.75,3.28,3.16,21.0,19.17,17.97
2015-16,22.0,Manipur,0.33,0.19,0.19,0.08,0.0,0.0,0.05,0.0,0.0,0.0,0.0,0.0
2015-16,23.0,Meghalaya,0.03,0.02,0.02,0.01,0.0,0.0,0.01,0.0,0.0,0.0,0.01,0.01
2015-16,24.0,Mizoram,0.09,0.04,0.04,0.06,0.0,0.0,0.04,0.0,0.0,0.0,0.0,0.0
2015-16,25.0,Nagaland,0.02,0.01,0.01,0.01,0.0,0.0,0.01,0.0,0.0,0.01,0.0,0.0
2015-16,26.0,Orissa,6.6,6.1,5.87,2.4,1.72,1.64,1.6,0.89,0.89,3.8,2.67,2.52
2015-16,27.0,Pondicherry,0.22,0.13,0.13,0.02,0.01,0.01,0.03,0.02,0.02,0.12,0.06,0.06
2015-16,28.0,Punjab,26.5,31.52,30.86,9.0,8.49,8.1,0.63,0.61,0.53,0.35,0.45,0.42
2015-16,29.0,Rajasthan,19.25,20.96,20.77,6.75,8.0,7.9,0.16,0.15,0.15,0.95,0.74,0.68
2015-16,30.0,Sikkim,0.0,0.0,0.0,0.0,0.0,0.0,0.0,0.0,0.0,0.0,0.0,0.0
2015-16,31.0,Tamil Nadu,10.5,11.41,11.17,3.5,3.03,3.01,4.0,3.01,2.97,6.5,6.19,6.01
2015-16,32.0,Telangana,14.29,13.35,12.56,3.5,2.2,2.12,1.75,1.06,1.0,9.5,8.77,8.53
2015-16,33.0,Tripura,0.35,0.26,0.24,0.05,0.01,0.01,0.14,0.05,0.05,0.0,0.01,0.0
2015-16,34.0,Uttar Pradesh,59.47,60.13,57.99,19.5,22.43,21.8,2.0,2.28,2.19,10.5,7.3,6.9
2015-16,35.0,Uttarakhand,2.45,3.71,3.6,0.4,0.32,0.31,0.09,0.03,0.03,0.5,0.35,0.32
2015-16,36.0,West Bengal,12.65,14.87,14.38,4.19,3.51,3.32,3.5,2.43,2.22,9.59,10.02,9.38
2015-16,37.0,All India,313.35,329.0,319.68,102.34,101.28,97.47,36.08,25.71,24.23,105.89,98.03,92.68
2016-17,1.0,Andaman & Nicobar,0.01,0.01,0.01,0.01,0.01,0.01,0.01,0.0,0.0,0.01,0.01,0.01
2016-17,2.0,Andhra Pradesh,15.03,15.58,14.38,4.67,3.92,3.73,3.06,2.59,2.54,11.73,12.02,11.49
2016-17,3.0,Arunachal Pradesh,0.0,0.0,0.0,0.0,0.0,0.0,0.0,0.0,0.0,0.0,0.0,0.0
2016-17,4.0,Assam,3.1,3.23,3.19,0.43,0.57,0.54,1.05,0.74,0.74,0.1,0.11,0.11
2016-17,5.0,Bihar,19.5,20.15,19.77,6.0,5.53,5.32,1.9,2.38,2.3,4.0,2.64,2.54
2016-17,6.0,Chandigarh,0.0,0.0,0.0,0.0,0.0,0.0,0.0,0.02,0.0,0.0,0.02,0.0
2016-17,7.0,Chattisgarh,5.99,6.93,6.5,3.6,3.17,2.91,1.2,0.69,0.61,1.6,0.81,0.68
2016-17,8.0,Dadra & Nagar Haveli,0.01,0.01,0.01,0.01,0.01,0.01,0.0,0.0,0.0,0.0,0.0,0.0
2016-17,9.0,Daman & Diu,0.01,0.0,0.0,0.0,0.0,0.0,0.0,0.0,0.0,0.0,0.0,0.0
2016-17,10.0,Delhi,0.09,0.12,0.13,0.06,0.0,0.01,0.02,0.0,0.0,0.03,0.0,0.0
2016-17,11.0,GOA,0.04,0.03,0.03,0.02,0.02,0.02,0.01,0.01,0.01,0.04,0.02,0.03
2016-17,12.0,Gujarat,18.5,20.77,20.55,5.3,4.6,4.48,1.5,1.43,1.43,5.6,6.26,6.12
2016-17,13.0,Harayana,18.0,20.36,19.62,6.3,5.79,5.62,0.35,0.65,0.62,0.65,0.24,0.18
2016-17,14.0,Himachal Pradesh,0.58,0.62,0.62,0.0,0.01,0.01,0.06,0.07,0.09,0.33,0.36,0.37
2016-17,15.0,J&K,1.29,1.3,1.29,0.69,0.69,0.66,0.25,0.29,0.29,0.02,0.01,0.01
2016-17,16.0,Jharkhand,2.4,2.23,2.19,0.95,0.67,0.62,0.1,0.03,0.03,0.58,0.15,0.15
2016-17,17.0,Karnataka,12.43,13.76,12.98,5.4,6.44,6.16,3.05,2.49,2.39,11.07,11.98,11.11
2016-17,18.0,Kerala,0.87,1.21,1.14,0.23,0.33,0.29,0.56,0.95,0.9,1.04,1.22,1.13
2016-17,19.0,Lakshadweep,0.0,0.0,0.0,0.0,0.0,0.0,0.0,0.0,0.0,0.0,0.0,0.0
2016-17,20.0,Madhya Pradesh,22.0,24.31,22.48,12.5,9.95,8.09,1.25,1.12,1.01,3.95,3.52,2.79
2016-17,21.0,Maharashtra,24.56,25.67,24.91,7.84,6.2,6.0,4.7,3.54,3.52,21.58,18.37,17.12
2016-17,22.0,Manipur,0.2,0.17,0.17,0.08,0.0,0.0,0.05,0.0,0.0,0.0,0.0,0.0
2016-17,23.0,Meghalaya,0.0,0.0,0.0,0.0,0.0,0.0,0.0,0.0,0.0,0.0,0.0,0.0
2016-17,24.0,Mizoram,0.05,0.03,0.05,0.03,0.0,0.0,0.02,0.0,0.0,0.0,0.0,0.0
2016-17,25.0,Nagaland,0.02,0.0,0.0,0.01,0.0,0.0,0.01,0.0,0.0,0.01,0.0,0.0
2016-17,26.0,Orissa,6.0,5.04,4.93,2.1,1.75,1.65,1.5,0.96,0.96,3.75,2.21,1.94
2016-17,27.0,Pondicherry,0.18,0.1,0.11,0.02,0.02,0.02,0.04,0.02,0.02,0.08,0.05,0.06
2016-17,28.0,Punjab,24.5,27.11,26.1,8.52,7.45,7.35,1.05,0.75,0.75,0.7,0.45,0.39
2016-17,29.0,Rajasthan,17.9,20.58,19.95,4.8,6.73,6.45,0.23,0.17,0.17,0.82,0.66,0.59
2016-17,30.0,Sikkim,0.0,0.0,0.0,0.0,0.0,0.0,0.0,0.0,0.0,0.0,0.0,0.0
2016-17,31.0,Tamil Nadu,8.68,8.07,7.94,3.7,2.59,2.53,4.22,2.65,2.63,6.01,5.67,5.3
2016-17,32.0,Telangana,13.9,16.73,15.49,2.9,2.56,2.43,1.7,1.81,1.74,9.4,9.9,9.64
2016-17,33.0,Tripura,0.26,0.31,0.29,0.08,0.02,0.02,0.17,0.09,0.09,0.0,0.01,0.01
2016-17,34.0,Uttar Pradesh,58.5,58.01,54.96,20.0,21.38,20.08,2.5,2.78,2.75,9.0,5.51,5.09
2016-17,35.0,Uttarakhand,2.35,3.58,3.54,0.35,0.34,0.35,0.05,0.04,0.05,0.39,0.34,0.32
2016-17,36.0,West Bengal,12.15,13.04,12.73,3.95,3.05,2.89,2.75,2.64,2.59,10.1,9.95,9.42
2016-17,37.0,All India,289.09,309.08,296.07,100.57,93.79,88.23,33.36,28.91,28.21,102.58,92.49,86.58
2017-18,1.0,Andaman & Nicobar,0.01,0.01,0.01,0.01,0.0,0.0,0.01,0.0,0.0,0.01,0.01,0.0
2017-18,2.0,Andhra Pradesh,15.5,14.92,14.09,3.75,3.38,3.26,2.41,2.97,2.89,11.5,11.88,10.62
2017-18,3.0,Arunachal Pradesh,0.02,0.0,0.0,0.0,0.0,0.0,0.01,0.0,0.0,0.0,0.0,0.0
2017-18,4.0,Assam,2.95,3.72,3.71,0.55,0.57,0.57,0.65,0.82,0.81,0.05,0.13,0.13
2017-18,5.0,Bihar,21.0,20.58,20.39,5.75,6.98,6.82,1.9,2.54,2.45,3.0,2.97,2.82
2017-18,6.0,Chandigarh,0.0,0.0,0.0,0.0,0.0,0.0,0.0,0.0,0.0,0.0,0.0,0.0
2017-18,7.0,Chattisgarh,6.56,6.95,6.63,3.4,3.37,3.26,1.0,0.75,0.73,1.6,0.98,0.81
2017-18,8.0,Dadra & Nagar Haveli,0.01,0.01,0.01,0.01,0.01,0.0,0.0,0.0,0.0,0.0,0.0,0.0
2017-18,9.0,Daman & Diu,0.01,0.0,0.0,0.0,0.0,0.0,0.0,0.0,0.0,0.0,0.0,0.0
2017-18,10.0,Delhi,0.09,0.13,0.13,0.05,0.03,0.03,0.02,0.0,0.0,0.03,0.0,0.0
2017-18,11.0,GOA,0.03,0.02,0.02,0.02,0.02,0.02,0.02,0.01,0.01,0.04,0.02,0.02
2017-18,12.0,Gujarat,20.0,22.94,22.39,4.8,5.55,5.47,1.6,1.61,1.61,5.2,6.92,6.8
2017-18,13.0,Harayana,18.0,21.25,20.62,6.2,5.48,5.47,0.65,0.77,0.72,0.55,0.22,0.19
2017-18,14.0,Himachal Pradesh,0.66,0.7,0.7,0.02,0.0,0.0,0.1,0.11,0.11,0.37,0.3,0.3
2017-18,15.0,J&K,1.28,1.63,1.51,0.65,0.65,0.65,0.26,0.38,0.38,0.0,0.01,0.01
2017-18,16.0,Jharkhand,2.4,2.24,2.22,1.0,0.85,0.82,0.07,0.03,0.03,0.33,0.15,0.14
2017-18,17.0,Karnataka,13.5,13.95,13.48,6.0,5.13,4.9,3.5,2.66,2.54,12.5,13.04,11.64
2017-18,18.0,Kerala,1.1,1.37,1.33,0.35,0.35,0.31,1.1,1.04,1.02,1.45,1.29,1.17
2017-18,19.0,Lakshadweep,0.0,0.0,0.0,0.0,0.0,0.0,0.0,0.0,0.0,0.0,0.0,0.0
2017-18,20.0,Madhya Pradesh,22.0,25.0,24.49,10.5,11.25,11.06,1.25,1.1,1.08,3.15,3.14,2.93
2017-18,21.0,Maharashtra,26.62,24.02,23.58,7.22,6.73,6.66,4.5,4.36,4.24,20.5,21.03,19.71
2017-18,22.0,Manipur,0.22,0.21,0.21,0.06,0.0,0.0,0.05,0.0,0.0,0.0,0.0,0.0
2017-18,23.0,Meghalaya,0.0,0.0,0.0,0.0,0.0,0.0,0.0,0.0,0.0,0.0,0.0,0.0
2017-18,24.0,Mizoram,0.07,0.06,0.06,0.02,0.0,0.0,0.02,0.0,0.0,0.0,0.0,0.0
2017-18,25.0,Nagaland,0.01,0.0,0.0,0.01,0.0,0.0,0.0,0.0,0.0,0.0,0.0,0.0
2017-18,26.0,Orissa,5.25,5.3,5.26,2.2,1.84,1.73,1.35,1.27,1.22,3.1,2.51,2.23
2017-18,27.0,Pondicherry,0.14,0.11,0.11,0.02,0.01,0.01,0.03,0.01,0.01,0.06,0.05,0.05
2017-18,28.0,Punjab,25.5,28.66,28.06,9.0,6.96,6.85,1.1,0.99,0.83,0.43,0.35,0.32
2017-18,29.0,Rajasthan,18.5,17.27,16.8,5.83,5.42,5.37,0.25,0.29,0.26,0.6,0.67,0.59
2017-18,30.0,Sikkim,0.0,0.0,0.0,0.0,0.0,0.0,0.0,0.0,0.0,0.0,0.0,0.0
2017-18,31.0,Tamil Nadu,9.0,8.88,8.81,3.5,2.48,2.44,3.31,2.98,2.96,6.0,5.82,5.35
2017-18,32.0,Telangana,13.8,14.7,14.02,2.6,2.67,2.53,1.8,2.11,2.06,9.0,11.3,10.17
2017-18,33.0,Tripura,0.43,0.23,0.23,0.06,0.01,0.01,0.14,0.0,0.0,0.02,0.0,0.0
2017-18,34.0,Uttar Pradesh,58.5,62.97,58.92,21.3,18.55,18.08,3.5,3.05,2.97,7.5,5.52,5.21
2017-18,35.0,Uttarakhand,2.35,3.18,3.1,0.4,0.29,0.29,0.06,0.06,0.06,0.45,0.34,0.32
2017-18,36.0,West Bengal,12.5,12.55,12.41,3.5,3.36,3.23,3.25,2.96,2.93,10.75,10.0,9.21
2017-18,,All India,298.0,313.57,303.31,98.77,91.94,89.85,33.9,32.88,31.93,98.19,98.64,90.75
2018-19,1.0,Andaman & Nicobar,0.01,0.01,0.0,0.01,0.0,0.0,0.01,0.0,0.0,0.01,0.01,0.0
2018-19,2.0,Andhra Pradesh,16.7,16.79,14.18,3.76,4.11,3.14,2.86,3.01,2.41,12.5,15.06,11.38
2018-19,3.0,Arunachal Pradesh,0.04,0.0,0.0,0.01,0.0,0.0,0.02,0.0,0.0,0.0,0.0,0.0
2018-19,4.0,Assam,3.35,5.15,4.39,0.65,0.93,0.58,0.8,1.11,0.79,0.05,0.23,0.14
2018-19,5.0,Bihar,21.0,25.59,22.34,5.0,8.5,5.87,2.1,2.97,2.03,3.5,4.53,3.19
2018-19,6.0,Chandigarh,0.0,0.05,0.0,0.0,0.0,0.0,0.0,0.0,0.0,0.0,0.05,0.0
2018-19,7.0,Chattisgarh,6.0,10.94,8.18,3.5,5.49,3.31,1.2,1.36,0.71,1.5,1.74,0.94
2018-19,8.0,Dadra & Nagar Haveli,0.01,0.0,0.0,0.01,0.0,0.0,0.0,0.0,0.0,0.0,0.0,0.0
2018-19,9.0,Daman & Diu,0.01,0.0,0.0,0.0,0.0,0.0,0.0,0.0,0.0,0.0,0.0,0.0
2018-19,10.0,Delhi,0.08,0.23,0.21,0.04,0.03,0.02,0.02,0.01,0.0,0.02,0.0,0.0
2018-19,11.0,GOA,0.03,0.02,0.02,0.02,0.02,0.02,0.01,0.01,0.0,0.03,0.03,0.03
2018-19,12.0,Gujarat,19.6,23.18,20.06,5.0,6.32,4.31,1.41,1.63,1.32,4.65,8.19,5.98
2018-19,13.0,Harayana,19.0,24.99,21.66,6.2,6.93,5.48,0.85,1.05,0.7,0.27,0.57,0.38
2018-19,14.0,Himachal Pradesh,0.66,0.86,0.73,0.0,0.01,0.0,0.1,0.11,0.06,0.38,0.45,0.26
2018-19,15.0,J&K,1.33,1.89,1.32,0.72,0.81,0.49,0.26,0.44,0.23,0.0,0.02,0.0
2018-19,16.0,Jharkhand,2.4,2.81,2.39,1.05,1.0,0.69,0.12,0.05,0.01,0.35,0.46,0.29
2018-19,17.0,Karnataka,14.0,16.76,13.91,5.87,7.44,4.88,4.0,3.75,2.64,11.71,19.0,13.31
2018-19,18.0,Kerala,1.4,1.22,0.95,0.27,0.27,0.21,1.24,1.11,0.84,1.67,1.57,1.16
2018-19,19.0,Lakshadweep,0.0,0.0,0.0,0.0,0.0,0.0,0.0,0.0,0.0,0.0,0.0,0.0
2018-19,20.0,Madhya Pradesh,23.0,34.36,29.51,11.5,16.87,12.63,1.25,1.58,1.08,2.8,5.39,3.89
2018-19,21.0,Maharashtra,22.0,27.75,22.81,6.7,8.58,5.61,4.5,5.24,3.86,18.0,31.05,19.72
2018-19,22.0,Manipur,0.24,0.3,0.24,0.12,0.01,0.0,0.12,0.0,0.0,0.0,0.0,0.0
2018-19,23.0,Meghalaya,0.0,0.0,0.0,0.0,0.0,0.0,0.0,0.0,0.0,0.0,0.0,0.0
2018-19,24.0,Mizoram,0.09,0.15,0.07,0.06,0.0,0.0,0.04,0.0,0.0,0.0,0.0,0.0
2018-19,25.0,Nagaland,0.01,0.01,0.0,0.01,0.0,0.0,0.0,0.0,0.0,0.0,0.0,0.0
2018-19,26.0,Orissa,5.75,6.38,4.96,2.15,2.42,1.69,1.45,1.66,1.08,3.0,3.32,2.23
2018-19,27.0,Pondicherry,0.11,0.15,0.13,0.01,0.01,0.01,0.03,0.02,0.02,0.06,0.05,0.04
2018-19,28.0,Punjab,25.5,34.62,29.17,8.5,8.84,7.02,1.1,0.96,0.56,0.68,0.76,0.55
2018-19,29.0,Rajasthan,19.0,24.22,20.92,6.15,8.41,6.71,0.3,0.48,0.29,0.55,1.3,0.91
2018-19,30.0,Sikkim,0.0,0.0,0.0,0.0,0.0,0.0,0.0,0.0,0.0,0.0,0.0,0.0
2018-19,31.0,Tamil Nadu,8.5,10.92,9.11,3.0,3.28,2.31,3.5,3.5,2.67,5.5,7.57,5.53
2018-19,32.0,Telangana,15.0,16.87,13.83,3.2,3.08,2.23,2.6,1.77,1.41,10.5,14.65,10.51
2018-19,33.0,Tripura,0.39,0.34,0.11,0.06,0.05,0.0,0.14,0.07,0.0,0.02,0.01,0.0
2018-19,34.0,Uttar Pradesh,2.35,3.0,2.75,0.33,0.4,0.22,0.05,0.08,0.03,0.39,0.42,0.32
2018-19,35.0,Uttarakhand,59.5,73.89,62.86,21.0,23.69,17.17,3.5,2.66,1.82,9.0,8.59,6.13
2018-19,36.0,West Bengal,13.0,16.18,13.23,3.5,4.19,2.75,3.25,3.56,2.42,10.54,13.13,8.79
2018-19,37.0,All India,300.04,379.62,320.04,98.4,121.67,87.35,36.81,38.21,26.98,97.68,138.16,95.66
2019-20,1.0,Andaman & Nicobar,0.01,0.01,0.0,0.01,0.0,0.0,0.0,0.0,0.0,0.01,0.0,0.0
2019-20,2.0,Andhra Pradesh,17.5,17.52,14.26,3.0,4.72,3.52,2.7,3.18,2.42,12.0,17.83,13.52
2019-20,3.0,Arunachal Pradesh,0.0,0.0,0.0,0.0,0.0,0.0,0.0,0.0,0.0,0.0,0.0,0.0
2019-20,4.0,Assam,3.1,4.26,3.63,0.63,0.93,0.65,0.71,1.06,0.71,0.16,0.24,0.18
2019-20,5.0,Bihar,21.0,26.21,22.65,6.0,9.49,7.44,2.3,3.2,2.46,3.5,4.97,3.31
2019-20,6.0,Chandigarh,0.0,0.0,0.0,0.0,0.0,0.0,0.0,0.0,0.0,0.0,0.0,0.0
2019-20,7.0,Chattisgarh,6.0,10.71,7.96,3.1,5.27,3.56,0.96,1.32,0.92,1.2,1.6,0.94
2019-20,8.0,Dadra & Nagar Haveli,0.0,0.01,0.0,0.0,0.0,0.0,0.0,0.0,0.0,0.0,0.0,0.0
2019-20,9.0,Daman & Diu,0.0,0.0,0.0,0.0,0.0,0.0,0.0,0.0,0.0,0.0,0.0,0.0
2019-20,10.0,Delhi,0.16,0.28,0.25,0.04,0.05,0.04,0.01,0.01,0.0,0.02,0.0,0.0
2019-20,11.0,GOA,0.02,0.02,0.02,0.02,0.0,0.0,0.01,0.01,0.0,0.03,0.04,0.03
2019-20,12.0,Gujarat,22.0,25.68,23.63,5.0,6.98,5.18,1.4,1.72,1.25,5.46,9.03,6.64
2019-20,13.0,Harayana,21.0,23.61,20.88,6.3,7.44,5.89,0.95,1.06,0.58,0.4,0.4,0.23
2019-20,14.0,Himachal Pradesh,0.69,0.85,0.74,0.01,0.02,0.01,0.09,0.12,0.07,0.4,0.47,0.32
2019-20,15.0,J&K,1.38,2.12,0.96,0.68,0.94,0.35,0.26,0.54,0.16,0.02,0.02,0.01
2019-20,16.0,Jharkhand,2.6,2.97,2.41,1.0,1.14,0.79,0.13,0.06,0.03,0.45,0.51,0.38
2019-20,17.0,Karnataka,17.91,17.74,14.63,6.49,7.91,5.54,4.8,3.63,2.59,14.21,20.28,14.7
2019-20,18.0,Kerala,1.17,1.34,1.14,0.33,0.2,0.17,1.25,1.07,0.89,1.2,1.64,1.32
2019-20,19.0,Lakshadweep,0.0,0.0,0.0,0.0,0.0,0.0,0.0,0.0,0.0,0.0,0.0,0.0
2019-20,20.0,Madhya Pradesh,28.5,34.25,29.99,13.0,18.62,13.46,1.5,1.71,1.13,3.75,5.35,3.74
2019-20,21.0,Maharashtra,26.0,28.2,24.19,7.5,8.55,6.07,4.75,4.62,3.24,21.0,30.54,21.9
2019-20,22.0,Manipur,0.27,0.29,0.26,0.12,0.07,0.05,0.12,0.02,0.01,0.0,0.0,0.0
2019-20,23.0,Meghalaya,0.0,0.0,0.0,0.0,0.0,0.0,0.0,0.0,0.0,0.0,0.0,0.0
2019-20,24.0,Mizoram,0.09,0.09,0.08,0.06,0.01,0.0,0.04,0.0,0.0,0.0,0.0,0.0
2019-20,25.0,Nagaland,0.01,0.01,0.01,0.01,0.0,0.0,0.0,0.0,0.0,0.0,0.0,0.0
2019-20,26.0,Orissa,5.35,6.72,5.56,2.15,2.62,1.99,1.35,1.69,1.21,3.0,3.58,2.53
2019-20,27.0,Pondicherry,0.13,0.12,0.11,0.02,0.01,0.01,0.03,0.02,0.01,0.05,0.09,0.07
2019-20,28.0,Punjab,26.5,33.96,29.64,8.25,9.29,7.29,1.45,1.1,0.64,0.76,0.56,0.38
2019-20,29.0,Rajasthan,22.5,26.47,22.97,8.0,10.54,8.38,0.3,0.46,0.26,0.55,1.01,0.62
2019-20,30.0,Sikkim,0.0,0.0,0.0,0.0,0.0,0.0,0.0,0.0,0.0,0.0,0.0,0.0
2019-20,31.0,Tamil Nadu,10.0,10.37,9.13,3.3,3.37,2.46,2.85,3.21,2.52,5.25,8.35,6.17
2019-20,32.0,Telangana,15.5,19.21,15.2,3.2,3.34,2.32,2.6,2.26,1.71,11.6,16.26,12.21
2019-20,33.0,Tripura,0.33,0.29,0.17,0.06,0.07,0.02,0.1,0.12,0.07,0.02,0.02,0.01
2019-20,34.0,Uttar Pradesh,2.35,2.69,2.45,0.33,0.58,0.44,0.07,0.12,0.07,0.35,0.36,0.24
2019-20,35.0,Uttarakhand,70.0,83.29,70.95,21.0,30.1,21.94,3.5,3.59,2.4,9.0,8.4,5.56
2019-20,36.0,West Bengal,13.2,15.89,13.11,3.7,4.47,3.43,3.9,3.56,2.42,10.44,13.1,9.98
2019-20,37.0,All India,335.26,395.16,336.96,103.3,136.75,101.01,38.12,39.44,27.8,104.82,144.66,105.01
2020-21,1.0,Andaman & Nicobar,0.01,0.01,0.0,0.02,0.0,0.0,0.01,0.0,0.0,0.01,0.0,0.0
2020-21,2.0,Andhra Pradesh,17.5,18.84,15.92,4.0,4.66,4.21,2.8,3.6,2.94,13.5,19.78,17.27
2020-21,3.0,Arunachal Pradesh,0.01,0.0,0.0,0.0,0.0,0.0,0.01,0.0,0.0,0.0,0.0,0.0
2020-21,4.0,Assam,4.15,4.11,3.46,0.83,0.92,0.79,0.82,0.99,0.8,0.2,0.17,0.14
2020-21,5.0,Bihar,22.0,26.21,23.3,7.0,8.93,8.12,2.5,3.44,2.61,3.5,4.58,3.63
2020-21,6.0,Chandigarh,0.0,0.0,0.0,0.0,0.0,0.0,0.0,0.0,0.0,0.0,0.0,0.0
2020-21,7.0,Chattisgarh,6.5,11.08,9.17,3.35,5.42,4.51,1.01,1.52,1.12,1.6,1.72,1.19
2020-21,8.0,Dadra & Nagar Haveli,0.0,0.01,0.01,0.0,0.01,0.01,0.0,0.0,0.0,0.0,0.0,0.0
2020-21,9.0,Daman & Diu,0.0,0.0,0.0,0.0,0.0,0.0,0.0,0.0,0.0,0.0,0.0,0.0
2020-21,10.0,Delhi,0.23,0.24,0.22,0.05,0.04,0.04,0.02,0.01,0.0,0.02,0.0,0.0
2020-21,11.0,GOA,0.02,0.03,0.02,0.02,0.0,0.0,0.01,0.01,0.01,0.03,0.04,0.03
2020-21,12.0,Gujarat,24.0,26.22,23.82,5.0,7.02,6.55,1.3,1.7,1.51,5.35,9.48,7.79
2020-21,13.0,Harayana,21.0,23.64,21.52,6.3,6.86,6.32,0.7,0.98,0.6,0.4,0.35,0.23
2020-21,14.0,Himachal Pradesh,0.7,0.88,0.72,0.02,0.02,0.02,0.09,0.12,0.08,0.41,0.45,0.34
2020-21,15.0,J&K,1.43,2.58,2.16,0.79,0.93,0.8,0.26,0.6,0.48,0.0,0.04,0.02
2020-21,16.0,Jharkhand,2.6,3.07,2.58,1.0,1.27,1.08,0.11,0.07,0.05,0.38,0.44,0.36
2020-21,17.0,Karnataka,16.5,20.62,16.43,6.5,7.97,6.82,3.15,4.57,3.35,14.15,23.28,18.24
2020-21,18.0,Kerala,1.13,1.51,1.27,0.19,0.22,0.21,0.85,1.28,1.09,1.25,1.72,1.44
2020-21,19.0,Lakshadweep,0.0,0.0,0.0,0.0,0.0,0.0,0.0,0.0,0.0,0.0,0.0,0.0
2020-21,20.0,Madhya Pradesh,31.0,34.73,30.18,13.55,18.04,16.07,1.5,2.03,1.5,3.75,4.85,3.98
2020-21,21.0,Maharashtra,25.0,29.76,24.62,7.0,9.44,8.17,4.5,5.43,4.09,21.0,35.89,26.89
2020-21,22.0,Manipur,0.27,0.24,0.22,0.16,0.06,0.04,0.14,0.03,0.03,0.0,0.0,0.0
2020-21,23.0,Meghalaya,0.0,0.0,0.0,0.0,0.0,0.0,0.0,0.0,0.0,0.0,0.0,0.0
2020-21,24.0,Mizoram,0.09,0.02,0.02,0.05,0.0,0.0,0.04,0.0,0.0,0.0,0.0,0.0
2020-21,25.0,Nagaland,0.01,0.01,0.01,0.0,0.0,0.0,0.0,0.0,0.0,0.0,0.0,0.0
2020-21,26.0,Orissa,5.65,6.66,5.27,2.2,2.82,2.52,1.3,1.81,1.38,2.8,3.26,2.65
2020-21,27.0,Pondicherry,0.13,0.15,0.14,0.02,0.01,0.01,0.02,0.03,0.02,0.04,0.11,0.09
2020-21,28.0,Punjab,28.3,32.85,29.37,8.25,8.87,7.73,1.5,1.21,0.85,0.76,0.47,0.36
2020-21,29.0,Rajasthan,22.0,25.78,23.21,8.0,9.72,9.17,0.3,0.46,0.32,0.55,0.76,0.64
2020-21,30.0,Sikkim,0.0,0.0,0.0,0.0,0.0,0.0,0.0,0.0,0.0,0.0,0.0,0.0
2020-21,31.0,Tamil Nadu,10.0,11.58,9.88,3.25,3.07,2.72,3.1,3.88,3.07,6.3,9.08,7.38
2020-21,32.0,Telangana,19.5,22.2,17.54,2.7,3.62,3.14,2.6,3.0,2.47,13.5,18.38,15.18
2020-21,33.0,Tripura,0.25,0.25,0.14,0.06,0.07,0.05,0.1,0.07,0.04,0.02,0.02,0.01
2020-21,34.0,Uttar Pradesh,2.25,2.57,2.4,0.4,0.46,0.38,0.1,0.11,0.06,0.38,0.34,0.31
2020-21,35.0,Uttarakhand,74.0,84.55,74.13,23.0,29.02,25.76,3.5,3.74,2.78,8.0,8.2,6.26
2020-21,36.0,West Bengal,14.43,16.08,12.78,4.05,4.48,3.94,3.2,3.89,3.06,10.12,13.16,11.39
2020-21,37.0,All India,350.64,406.49,350.51,107.76,133.98,119.18,35.51,44.56,34.32,108.0,156.55,125.82
2021-22,1.0,Andaman & Nicobar,0.0,0.01,0.0,0.0,0.02,0.0,0.0,0.01,0.0,0.0,0.0,0.0
2021-22,2.0,Andhra Pradesh,17.0,17.08,14.83,4.45,3.79,3.6,3.0,1.97,1.78,17.0,15.93,13.99
2021-22,3.0,Arunachal Pradesh,0.0,0.0,0.0,0.0,0.0,0.0,0.0,0.0,0.0,0.0,0.0,0.0
2021-22,4.0,Assam,3.85,4.0,3.6,0.89,0.68,0.52,0.85,0.62,0.55,0.17,0.25,0.19
2021-22,5.0,Bihar,22.0,22.79,21.53,7.5,5.82,5.52,2.5,1.52,1.38,4.0,4.44,3.96
2021-22,6.0,Chandigarh,0.0,0.0,0.0,0.0,0.0,0.0,0.0,0.0,0.0,0.0,0.0,0.0
2021-22,7.0,Chattisgarh,7.0,9.66,8.0,3.8,3.69,3.53,1.01,1.09,0.83,1.3,1.46,1.31
2021-22,8.0,Dadra & Nagar Haveli,0.02,0.01,0.0,0.01,0.0,0.0,0.0,0.0,0.0,0.0,0.0,0.0
2021-22,9.0,Daman & Diu,0.0,0.0,0.0,0.0,0.0,0.0,0.0,0.0,0.0,0.0,0.0,0.0
2021-22,10.0,Delhi,0.2,0.3,0.26,0.04,0.05,0.03,0.01,0.0,0.0,0.02,0.0,0.0
2021-22,11.0,GOA,0.02,0.02,0.02,0.01,0.0,0.0,0.01,0.01,0.0,0.02,0.03,0.03
2021-22,12.0,Gujarat,24.0,24.93,21.9,5.0,5.43,5.0,1.2,1.22,1.09,5.95,7.35,6.69
2021-22,13.0,Harayana,20.5,23.26,20.75,6.0,5.33,4.96,0.56,0.67,0.57,0.7,0.63,0.54
2021-22,14.0,Himachal Pradesh,0.79,0.9,0.74,0.02,0.01,0.0,0.08,0.1,0.04,0.38,0.34,0.19
2021-22,15.0,J&K,1.43,2.11,1.67,0.8,0.57,0.44,0.4,0.25,0.19,0.03,0.02,0.0
2021-22,16.0,Jharkhand,2.6,3.01,2.57,1.0,0.97,0.91,0.2,0.05,0.01,0.46,0.49,0.45
2021-22,17.0,Karnataka,16.5,21.04,17.84,6.54,6.37,5.73,3.17,2.74,2.54,17.2,20.82,18.72
2021-22,18.0,Kerala,1.22,1.29,1.15,0.2,0.14,0.14,1.1,0.86,0.77,1.45,1.43,1.26
2021-22,19.0,Lakshadweep,0.0,0.0,0.0,0.0,0.0,0.0,0.0,0.0,0.0,0.0,0.0,0.0
2021-22,20.0,Madhya Pradesh,35.0,33.01,29.18,19.5,12.54,12.03,1.8,1.31,1.18,4.35,5.31,4.96
2021-22,21.0,Maharashtra,25.5,28.29,23.68,8.5,6.42,5.87,4.5,3.63,3.26,21.5,28.97,25.75
2021-22,22.0,Manipur,0.27,0.24,0.14,0.14,0.03,0.01,0.14,0.0,0.0,0.0,0.02,0.01
2021-22,23.0,Meghalaya,0.0,0.0,0.0,0.0,0.0,0.0,0.0,0.0,0.0,0.0,0.0,0.0
2021-22,24.0,Mizoram,0.09,0.03,0.01,0.06,0.0,0.0,0.04,0.0,0.0,0.0,0.0,0.0
2021-22,25.0,Nagaland,0.02,0.01,0.01,0.02,0.0,0.0,0.01,0.0,0.0,0.0,0.0,0.0
2021-22,26.0,Orissa,5.64,6.36,5.53,2.68,2.51,2.37,1.43,1.17,1.07,2.8,2.77,2.49
2021-22,27.0,Pondicherry,0.12,0.15,0.15,0.02,0.01,0.01,0.02,0.02,0.02,0.07,0.08,0.07
2021-22,28.0,Punjab,28.0,34.95,31.34,8.0,6.58,6.27,1.0,0.87,0.64,0.76,1.47,1.21
2021-22,29.0,Rajasthan,21.0,25.43,22.59,7.7,6.59,6.1,0.3,0.31,0.24,0.63,1.23,1.2
2021-22,30.0,Sikkim,0.0,0.0,0.0,0.0,0.0,0.0,0.0,0.0,0.0,0.0,0.0,0.0
2021-22,31.0,Tamil Nadu,10.1,10.85,10.4,2.9,2.56,2.39,3.0,2.8,2.53,6.92,9.25,8.17
2021-22,32.0,Telangana,19.0,19.19,17.12,4.2,3.14,2.98,3.1,1.5,1.39,18.6,15.07,13.24
2021-22,33.0,Tripura,0.27,0.32,0.18,0.05,0.04,0.01,0.09,0.05,0.01,0.02,0.03,0.01
2021-22,34.0,Uttar Pradesh,2.16,2.3,2.09,0.32,0.43,0.31,0.09,0.09,0.04,0.3,0.24,0.22
2021-22,35.0,Uttarakhand,78.0,82.3,71.12,29.5,23.75,21.2,3.8,2.12,1.91,8.0,6.78,6.36
2021-22,36.0,West Bengal,14.23,15.84,13.3,4.05,3.03,2.7,3.7,2.09,1.89,10.12,11.3,10.34
2021-22,37.0,All India,356.53,389.68,341.73,123.9,100.49,92.64,37.1,27.06,23.93,122.74,135.74,121.37
2022-23,1.0,Andaman & Nicobar,0.0,0.01,0.0,0.0,0.01,0.0,0.0,0.01,0.0,0.01,0.0,0.0
2022-23,2.0,Andhra Pradesh,16.65,18.39,15.87,4.2,5.43,4.64,3.09,1.42,1.18,15.97,16.27,13.73
2022-23,3.0,Arunachal Pradesh,0.01,0.01,0.01,0.01,0.0,0.0,0.01,0.0,0.0,0.0,0.0,0.0
2022-23,4.0,Assam,3.85,4.07,3.56,0.85,0.83,0.63,0.75,0.58,0.47,0.26,0.22,0.19
2022-23,5.0,Bihar,22.8,24.68,21.96,6.82,7.15,5.66,2.16,1.55,1.26,3.72,5.35,4.25
2022-23,6.0,Chandigarh,0.0,0.0,0.0,0.0,0.0,0.0,0.0,0.0,0.0,0.0,0.0,0.0
2022-23,7.0,Chattisgarh,8.74,10.57,8.38,3.7,4.68,3.14,1.01,0.77,0.56,1.45,1.63,1.06
2022-23,8.0,Dadra & Nagar Haveli,0.01,0.01,0.01,0.01,0.0,0.0,0.0,0.0,0.0,0.0,0.0,0.0
2022-23,9.0,Daman & Diu,0.0,0.0,0.0,0.0,0.0,0.0,0.0,0.0,0.0,0.0,0.0,0.0
2022-23,10.0,Delhi,0.2,0.32,0.28,0.04,0.06,0.05,0.01,0.0,0.0,0.01,0.0,0.0
2022-23,11.0,GOA,0.03,0.02,0.02,0.01,0.0,0.0,0.01,0.0,0.0,0.04,0.03,0.03
2022-23,12.0,Gujarat,24.0,27.3,24.73,5.5,7.48,6.1,1.15,0.91,0.81,5.85,7.08,5.23
2022-23,13.0,Harayana,21.5,23.68,20.46,5.7,6.48,5.59,0.6,0.43,0.35,0.7,0.3,0.26
2022-23,14.0,Himachal Pradesh,0.76,0.85,0.74,0.02,0.02,0.02,0.07,0.07,0.04,0.39,0.41,0.35
2022-23,15.0,J&K,1.68,1.93,1.6,0.59,0.6,0.48,0.4,0.23,0.17,0.04,0.0,0.0
2022-23,16.0,Jharkhand,2.6,3.04,2.56,1.0,0.89,0.77,0.2,0.05,0.04,0.46,0.52,0.45
2022-23,17.0,Karnataka,17.2,22.22,18.21,5.9,8.44,6.21,3.0,1.68,1.41,17.16,21.53,16.67
2022-23,18.0,Kerala,1.23,1.32,1.12,0.2,0.22,0.19,1.07,0.86,0.78,1.42,1.32,1.02
2022-23,19.0,Lakshadweep,0.0,0.0,0.0,0.0,0.0,0.0,0.0,0.0,0.0,0.0,0.0,0.0
2022-23,20.0,Madhya Pradesh,33.0,36.94,32.39,18.5,17.61,13.85,1.57,0.76,0.62,4.85,6.25,4.79
2022-23,21.0,Maharashtra,25.29,30.39,24.66,8.2,9.34,7.18,4.3,1.68,1.38,23.5,28.89,20.46
2022-23,22.0,Manipur,0.22,0.35,0.31,0.12,0.04,0.04,0.12,0.05,0.04,0.0,0.03,0.03
2022-23,23.0,Meghalaya,0.02,0.01,0.0,0.01,0.0,0.0,0.01,0.0,0.0,0.01,0.0,0.0
2022-23,24.0,Mizoram,0.09,0.11,0.1,0.06,0.01,0.01,0.04,0.0,0.0,0.0,0.0,0.0
2022-23,25.0,Nagaland,0.0,0.01,0.01,0.0,0.0,0.0,0.0,0.0,0.0,0.0,0.0,0.0
2022-23,26.0,Orissa,5.84,7.08,5.6,2.69,2.55,1.94,1.35,0.84,0.61,3.05,3.26,2.63
2022-23,27.0,Pondicherry,0.15,0.18,0.17,0.01,0.02,0.02,0.02,0.01,0.01,0.07,0.09,0.06
2022-23,28.0,Punjab,29.25,34.9,29.45,7.25,8.46,7.17,0.9,0.49,0.41,1.7,0.71,0.58
2022-23,29.0,Rajasthan,21.5,27.91,25.17,7.4,9.7,8.47,0.3,0.18,0.14,0.95,0.85,0.72
2022-23,30.0,Sikkim,0.0,0.0,0.0,0.0,0.0,0.0,0.0,0.0,0.0,0.0,0.0,0.0
2022-23,31.0,Tamil Nadu,9.96,11.38,10.05,2.73,3.49,2.76,2.53,1.85,1.65,6.45,9.19,7.38
2022-23,32.0,Telangana,18.39,21.63,18.83,3.55,4.7,3.71,2.27,0.86,0.74,15.16,16.24,12.9
2022-23,33.0,Tripura,0.27,0.28,0.19,0.05,0.02,0.02,0.09,0.06,0.02,0.02,0.03,0.02
2022-23,34.0,Uttar Pradesh,2.2,2.38,2.05,0.35,0.64,0.52,0.09,0.07,0.03,0.35,0.15,0.11
2022-23,35.0,Uttarakhand,77.5,87.39,74.72,24.7,27.69,22.38,3.36,1.42,1.22,7.0,6.64,4.79
2022-23,36.0,West Bengal,14.25,16.49,14.05,4.05,4.36,3.77,3.7,2.7,2.36,10.12,11.16,9.61
2022-23,37.0,All India,359.19,415.82,357.26,114.2,130.93,105.31,34.17,19.55,16.32,120.69,138.15,107.31
2023-24,1.0,Andaman & Nicobar,0.0,0.01,0.0,0.0,0.0,0.0,0.0,0.01,0.0,0.0,0.0,0.0
2023-24,2.0,Andhra Pradesh,15.73,17.89,14.99,4.13,4.86,4.2,1.84,1.81,1.31,13.28,17.87,14.02
2023-24,3.0,Arunachal Pradesh,0.01,0.01,0.01,0.0,0.0,0.0,0.0,0.0,0.0,0.0,0.0,0.0
2023-24,4.0,Assam,3.46,4.56,3.73,0.75,0.87,0.72,0.66,0.69,0.44,0.3,0.39,0.23
2023-24,5.0,Bihar,22.63,27.46,23.24,6.82,7.78,6.51,2.28,1.75,1.39,4.5,6.09,4.39
2023-24,6.0,Chandigarh,0.0,0.0,0.0,0.0,0.0,0.0,0.0,0.0,0.0,0.0,0.0,0.0
2023-24,7.0,Chattisgarh,8.4,11.37,8.99,3.1,5.28,4.34,0.66,0.97,0.6,1.07,1.9,1.3
2023-24,8.0,Dadra & Nagar Haveli,0.01,0.0,0.0,0.01,0.0,0.0,0.0,0.0,0.0,0.0,0.0,0.0
2023-24,9.0,Daman & Diu,0.0,0.0,0.0,0.0,0.0,0.0,0.0,0.0,0.0,0.0,0.0,0.0
2023-24,10.0,Delhi,0.0,0.37,0.32,0.0,0.05,0.04,0.0,0.0,0.0,0.0,0.0,0.0
2023-24,11.0,GOA,0.03,0.02,0.02,0.01,0.01,0.01,0.01,0.0,0.0,0.04,0.03,0.02
2023-24,12.0,Gujarat,24.71,26.78,24.3,5.86,6.71,6.29,1.3,1.0,0.8,6.0,8.93,6.97
2023-24,13.0,Harayana,20.63,24.86,21.77,5.6,6.29,5.83,0.55,0.5,0.36,1.2,0.64,0.44
2023-24,14.0,Himachal Pradesh,0.68,0.82,0.68,0.01,0.01,0.01,0.05,0.05,0.03,0.37,0.39,0.32
2023-24,15.0,J&K,1.4,2.01,1.45,0.55,0.59,0.44,0.32,0.24,0.16,0.03,0.0,0.0
2023-24,16.0,Jharkhand,2.47,3.74,3.04,1.02,1.06,0.94,0.21,0.03,0.03,0.41,0.46,0.33
2023-24,17.0,Karnataka,16.1,21.02,15.65,5.9,8.13,6.42,2.45,1.97,1.54,16.5,21.09,15.84
2023-24,18.0,Kerala,1.19,1.13,0.96,0.2,0.18,0.16,0.97,0.87,0.7,1.42,1.56,1.26
2023-24,19.0,Lakshadweep,0.0,0.0,0.0,0.0,0.0,0.0,0.0,0.0,0.0,0.0,0.0,0.0
2023-24,20.0,Madhya Pradesh,33.46,41.73,34.37,14.22,17.81,15.5,0.87,1.05,0.67,5.4,6.99,5.41
2023-24,21.0,Maharashtra,23.74,31.06,23.48,7.0,8.93,7.36,3.0,2.18,1.42,26.5,34.08,23.04
2023-24,22.0,Manipur,0.3,0.26,0.25,0.04,0.01,0.01,0.05,0.02,0.02,0.0,0.01,0.0
2023-24,23.0,Meghalaya,0.02,0.05,0.04,0.0,0.0,0.0,0.0,0.0,0.0,0.01,0.0,0.0
2023-24,24.0,Mizoram,0.07,0.15,0.13,0.01,0.0,0.0,0.0,0.0,0.0,0.0,0.0,0.0
2023-24,25.0,Nagaland,0.0,0.01,0.01,0.0,0.0,0.0,0.0,0.0,0.0,0.0,0.0,0.0
2023-24,26.0,Orissa,5.46,7.7,5.84,2.33,3.12,2.74,1.03,0.93,0.66,2.8,3.16,2.42
2023-24,27.0,Pondicherry,0.16,0.15,0.13,0.02,0.01,0.01,0.01,0.01,0.01,0.06,0.1,0.07
2023-24,28.0,Punjab,29.48,37.35,30.68,8.0,8.23,7.24,0.85,0.62,0.5,1.5,1.02,0.73
2023-24,29.0,Rajasthan,24.28,29.23,25.39,8.95,9.8,9.37,0.23,0.2,0.15,1.11,1.4,1.08
2023-24,30.0,Sikkim,0.0,0.0,0.0,0.0,0.0,0.0,0.0,0.0,0.0,0.0,0.0,0.0
2023-24,31.0,Tamil Nadu,10.23,11.86,10.11,2.95,3.22,2.71,2.45,2.05,1.63,7.3,10.19,7.94
2023-24,32.0,Telangana,18.94,23.77,19.03,3.8,4.34,3.68,2.0,1.18,0.92,15.99,17.09,13.62
2023-24,33.0,Tripura,0.24,0.26,0.14,0.05,0.04,0.03,0.07,0.06,0.02,0.02,0.03,0.02
2023-24,34.0,Uttar Pradesh,1.84,2.67,2.31,0.35,0.49,0.38,0.08,0.08,0.04,0.35,0.24,0.2
2023-24,35.0,Uttarakhand,76.15,91.83,74.53,24.5,25.76,21.61,2.35,1.62,1.21,9.5,10.13,7.93
2023-24,36.0,West Bengal,14.32,17.34,12.2,4.02,3.83,3.2,3.35,2.85,1.83,10.65,12.74,9.2
2023-24,37.0,All India,356.08,437.47,357.81,110.18,127.42,109.73,27.62,22.74,16.45,126.31,156.51,116.8
2024-25,1.0,Andaman & Nicobar,0.0,0.01,0.0,0.0,0.0,0.0,0.0,0.0,0.0,0.0,0.0,0.0
2024-25,2.0,Andhra Pradesh,15.9,18.68,15.7,4.3,4.8,4.34,1.5,2.38,1.71,16.0,18.36,15.78
2024-25,3.0,Arunachal Pradesh,0.01,0.01,0.01,0.0,0.0,0.0,0.0,0.0,0.0,0.0,0.0,0.0
2024-25,4.0,Assam,3.28,4.48,4.1,0.61,0.7,0.62,0.47,0.8,0.57,0.55,0.63,0.48
2024-25,5.0,Bihar,22.87,27.64,25.6,5.5,6.4,5.83,1.5,2.54,1.84,6.0,7.46,6.04
2024-25,6.0,Chandigarh,0.0,0.0,0.0,0.0,0.0,0.0,0.0,0.0,0.0,0.0,0.0,0.0
2024-25,7.0,Chattisgarh,8.9,12.03,10.07,4.1,4.19,3.83,0.73,1.13,0.76,1.8,2.84,2.34
2024-25,8.0,Dadra & Nagar Haveli,0.0,0.0,0.0,0.0,0.0,0.0,0.0,0.0,0.0,0.0,0.0,0.0
2024-25,9.0,Daman & Diu,0.0,0.0,0.0,0.0,0.0,0.0,0.0,0.0,0.0,0.0,0.0,0.0
2024-25,10.0,Delhi,0.23,0.43,0.4,0.01,0.05,0.04,0.0,0.0,0.0,0.0,0.0,0.0
2024-25,11.0,GOA,0.02,0.02,0.02,0.01,0.0,0.0,0.0,0.0,0.0,0.04,0.03,0.03
2024-25,12.0,Gujarat,25.6,25.82,24.23,6.25,5.84,5.42,0.99,1.18,0.92,7.0,9.98,8.35
2024-25,13.0,Harayana,21.5,25.32,22.65,5.8,5.49,5.34,0.6,0.74,0.47,1.7,1.31,1.03
2024-25,14.0,Himachal Pradesh,0.71,0.81,0.65,0.01,0.04,0.03,0.04,0.05,0.03,0.37,0.41,0.32
2024-25,15.0,J&K,1.48,2.05,1.36,0.49,0.58,0.43,0.22,0.26,0.14,0.04,0.02,0.01
2024-25,16.0,Jharkhand,2.65,4.11,3.73,0.9,0.87,0.84,0.06,0.05,0.03,0.65,1.08,0.85
2024-25,17.0,Karnataka,17.25,22.63,19.17,5.64,6.55,5.86,1.95,3.08,2.21,16.2,25.46,20.9
2024-25,18.0,Kerala,1.11,1.37,1.15,0.17,0.21,0.2,0.82,1.06,0.83,1.37,1.5,1.26
2024-25,19.0,Lakshadweep,0.0,0.0,0.0,0.0,0.0,0.0,0.0,0.0,0.0,0.0,0.0,0.0
2024-25,20.0,Madhya Pradesh,35.38,42.43,38.09,16.57,12.7,11.66,1.05,1.59,1.08,8.5,11.94,9.77
2024-25,21.0,Maharashtra,23.73,32.72,26.41,7.5,7.13,6.47,2.3,3.45,2.22,30.0,37.86,28.79
2024-25,22.0,Manipur,0.25,0.16,0.14,0.03,0.03,0.02,0.04,0.02,0.02,0.02,0.01,0.01
2024-25,23.0,Meghalaya,0.04,0.04,0.04,0.01,0.0,0.0,0.0,0.0,0.0,0.01,0.0,0.0
2024-25,24.0,Mizoram,0.08,0.25,0.2,0.01,0.0,0.0,0.0,0.0,0.0,0.0,0.0,0.0
2024-25,25.0,Nagaland,0.0,0.01,0.01,0.0,0.0,0.0,0.0,0.0,0.0,0.0,0.0,0.0
2024-25,26.0,Orissa,6.05,8.15,6.67,2.86,2.83,2.56,0.85,1.11,0.77,2.75,4.04,3.28
2024-25,27.0,Pondicherry,0.16,0.16,0.15,0.01,0.02,0.02,0.01,0.02,0.01,0.07,0.11,0.08
2024-25,28.0,Punjab,26.5,36.7,32.56,8.1,6.99,6.61,1.0,1.06,0.71,2.5,1.73,1.41
2024-25,29.0,Rajasthan,26.2,29.43,26.4,8.5,7.11,6.9,0.21,0.28,0.2,2.25,3.04,2.55
2024-25,30.0,Sikkim,0.0,0.0,0.0,0.0,0.0,0.0,0.0,0.0,0.0,0.0,0.0,0.0
2024-25,31.0,Tamil Nadu,10.91,12.61,10.92,2.7,2.98,2.56,2.24,2.56,1.94,10.54,10.19,8.49
2024-25,32.0,Telangana,20.2,22.15,20.08,3.9,3.91,3.64,1.3,1.44,1.14,17.0,17.54,14.97
2024-25,33.0,Tripura,0.18,0.24,0.17,0.04,0.03,0.02,0.03,0.06,0.04,0.04,0.04,0.03
2024-25,34.0,Uttar Pradesh,2.03,2.6,2.31,0.3,0.52,0.4,0.08,0.08,0.04,0.4,0.28,0.21
2024-25,35.0,Uttarakhand,77.0,91.72,79.18,24.05,21.55,19.51,1.72,2.5,1.76,14.5,12.85,10.5
2024-25,36.0,West Bengal,13.8,19.05,15.77,3.55,3.62,3.12,2.5,3.41,2.57,11.0,15.25,12.24
2024-25,37.0,All India,364.01,443.83,387.92,111.92,105.14,96.29,22.21,30.85,22.02,151.29,183.98,149.72
