Episode,Total_Reward
1,-164.74
2,-153.0
3,-52.599999999999994
4,-113.74
5,-144.42000000000002
6,-57.94
7,-34.68
8,-56.10000000000001
9,-55.900000000000006
10,-31.379999999999992
11,-108.94000000000001
12,-69.54
13,-36.94
14,-75.5
15,-196.9
16,-123.30000000000001
17,-5.699999999999999
18,-145.3
19,-233.8
20,-65.04
21,-80.8
22,-35.419999999999995
23,10.399999999999999
24,-7.7
25,-46.760000000000005
26,-13.199999999999996
27,-41.64
28,-176.0
29,-55.14
30,-163.40000000000003
31,-136.4
32,-93.28
33,-4.6800000000000095
34,-163.0
35,-16.300000000000004
36,-2.900000000000002
37,-29.280000000000005
38,-109.94000000000001
39,-17.099999999999994
40,-42.64
41,-45.30000000000001
42,-127.54
43,-56.7
44,-75.3
45,-116.5
46,-65.2
47,-51.30000000000002
48,-148.39999999999998
49,-19.739999999999995
50,-237.6
51,-116.3
52,-120.19999999999999
53,-116.24
54,-109.0
55,-104.69999999999999
56,-136.94
57,56.379999999999995
58,-76.03999999999999
59,24.66
60,-63.040000000000006
61,-109.0
62,32.599999999999994
63,26.799999999999986
64,-56.5
65,3.1000000000000014
66,-81.9
67,-95.60000000000001
68,-113.2
69,-21.239999999999995
70,-28.9
71,-7.400000000000003
72,40.5
73,-79.74
74,-38.04
75,-27.759999999999998
76,49.38
77,42.959999999999994
78,93.75999999999999
79,58.0
80,-52.5
81,-80.97999999999999
82,-37.03999999999999
83,-81.19999999999999
84,-14.400000000000002
85,-65.00000000000001
86,49.1
87,38.00000000000001
88,47.89999999999999
89,-30.400000000000006
90,-1.8399999999999999
91,-61.719999999999985
92,29.200000000000003
93,-10.740000000000006
94,-92.90000000000002
95,-6.400000000000006
96,17.8
97,29.42
98,12.899999999999995
99,14.859999999999998
100,-16.900000000000002
101,-26.54
102,-56.5
103,-72.34
104,-59.52000000000001
105,6.199999999999998
106,-2.5
107,23.060000000000002
108,-26.04
109,1.3599999999999994
110,40.9
111,7.6000000000000005
112,-4.899999999999999
113,-97.80000000000001
114,-30.700000000000003
115,-97.9
116,-19.0
117,-71.7
118,15.900000000000006
119,-47.900000000000006
120,-3.1000000000000014
121,46.059999999999995
122,0.7199999999999989
123,-89.0
124,-11.999999999999996
125,-26.299999999999997
126,84.0
127,-68.68
128,35.5
129,-225.94
130,-46.60000000000001
131,45.8
132,38.5
133,-36.94
134,78.75999999999999
135,10.000000000000004
136,3.099999999999996
137,8.759999999999998
138,-11.5
139,-42.2
140,-10.239999999999998
141,19.96
142,11.599999999999998
143,-54.0
144,-11.600000000000001
145,83.89999999999999
146,52.7
147,-1.3999999999999986
148,-21.399999999999995
149,83.05999999999999
150,-29.04
151,35.8
152,48.10000000000001
153,-6.0000000000000036
154,45.019999999999996
155,-40.2
156,-45.8
157,62.9
158,31.7
159,12.099999999999994
160,20.099999999999994
161,46.4
162,56.56
163,86.56
164,-100.64
165,-31.620000000000005
166,40.56
167,39.29999999999999
168,71.46
169,-40.099999999999994
170,29.2
171,106.9
172,39.7
173,-73.14
174,95.2
175,-76.20000000000002
176,21.36
177,-10.799999999999997
178,147.0
179,144.6
180,-22.700000000000003
181,-41.64
182,14.900000000000004
183,132.56
184,-30.740000000000002
185,84.51999999999998
186,17.36
187,-28.939999999999998
188,108.08
189,-112.4
190,87.3
191,31.360000000000007
192,6.3999999999999915
193,-24.900000000000006
194,89.8
195,82.1
196,79.50000000000001
197,13.200000000000003
198,22.700000000000006
199,-3.8999999999999986
200,56.60000000000001
201,67.0
202,19.459999999999994
203,125.0
204,78.16
205,-3.700000000000003
206,45.3
207,-10.899999999999991
208,-30.799999999999997
209,4.899999999999999
210,129.56
211,9.679999999999993
212,89.28
213,105.61999999999999
214,-3.8999999999999986
215,68.0
216,31.0
217,32.760000000000005
218,76.06
219,-1.4400000000000048
220,78.69999999999999
221,-20.2
222,71.72
223,93.8
224,-47.599999999999994
225,-21.900000000000006
226,0.5999999999999943
227,-3.552713678800501e-15
228,69.89999999999999
229,28.9
230,37.1
231,63.8
232,-9.0
233,108.3
234,101.0
235,98.0
236,44.0
237,50.8
238,150.06
239,130.36
240,98.7
241,31.200000000000003
242,105.80000000000001
243,63.5
244,52.16
245,15.5
246,156.8
247,49.89999999999999
248,60.400000000000006
249,8.0
250,29.400000000000002
251,105.3
252,93.46000000000001
253,109.96
254,83.1
255,58.8
256,59.36
257,102.96
258,14.36
259,81.3
260,45.56
261,120.26
262,83.0
263,21.0
264,117.4
265,107.45999999999998
266,70.9
267,52.34000000000001
268,63.099999999999994
269,89.79999999999998
270,68.8
271,-0.5
272,117.6
273,73.7
274,47.5
275,80.1
276,119.06
277,107.3
278,116.39999999999998
279,16.8
280,37.5
281,26.659999999999997
282,63.76
283,149.5
284,39.9
285,87.0
286,118.3
287,-37.3
288,38.1
289,80.5
290,1.3999999999999986
291,130.86
292,96.7
293,29.1
294,59.5
295,75.0
296,96.5
297,92.76
298,136.1
299,97.0
300,94.1
301,129.3
302,87.9
303,72.75999999999999
304,87.2
305,99.6
306,131.6
307,63.0
308,83.2
309,74.0
310,6.099999999999998
311,94.8
312,78.96000000000001
313,118.22
314,83.4
315,135.7
316,8.5
317,11.499999999999993
318,153.4
319,108.4
320,117.2
321,85.8
322,106.2
323,53.60000000000001
324,22.919999999999995
325,29.200000000000003
326,55.099999999999994
327,66.9
328,80.82
329,81.19999999999999
330,127.96
331,148.5
332,70.0
333,145.5
334,133.7
335,86.7
336,144.2
337,107.3
338,142.56
339,90.3
340,70.3
341,110.39999999999999
342,136.8
343,125.0
344,114.5
345,80.3
346,135.60000000000002
347,121.0
348,144.2
349,74.3
350,89.66
351,100.2
352,145.2
353,134.7
354,129.2
355,149.7
356,68.6
357,132.5
358,27.199999999999996
359,59.3
360,48.8
361,50.9
362,111.3
363,136.8
364,141.06
365,135.7
366,94.99999999999997
367,46.3
368,112.9
369,75.46
370,86.89999999999998
371,139.0
372,93.25999999999999
373,86.5
374,52.1
375,97.3
376,128.86
377,34.400000000000006
378,155.56
379,133.0
380,121.3
381,71.6
382,77.6
383,118.8
384,135.8
385,67.5
386,110.6
387,132.0
388,130.0
389,134.2
390,115.2
391,37.900000000000006
392,94.4
393,75.5
394,134.7
395,126.0
396,140.0
397,93.7
398,25.999999999999993
399,146.3
400,97.3
401,129.5
402,133.0
403,103.96000000000001
404,43.99999999999999
405,113.49999999999999
406,136.5
407,20.000000000000004
408,98.5
409,122.6
410,86.8
411,153.6
412,102.39999999999999
413,38.199999999999996
414,147.8
415,120.5
416,142.6
417,78.1
418,93.7
419,100.39999999999999
420,117.7
421,139.0
422,100.3
423,77.06
424,109.69999999999999
425,111.7
426,133.8
427,54.7
428,134.5
429,58.0
430,115.0
431,128.0
432,108.19999999999999
433,107.0
434,149.0
435,147.8
436,131.6
437,116.39999999999999
438,139.6
439,162.0
440,108.96000000000001
441,156.8
442,140.16
443,149.6
444,128.6
445,116.76
446,25.92
447,143.36
448,94.19999999999999
449,119.0
450,141.8
451,102.0
452,117.9
453,117.56
454,135.5
455,135.0
456,46.8
457,141.0
458,124.2
459,72.35999999999999
460,92.6
461,93.3
462,114.39999999999999
463,117.3
464,97.6
465,130.6
466,70.9
467,136.8
468,111.0
469,135.2
470,153.6
471,128.8
472,143.52
473,133.56
474,132.06
475,115.0
476,135.0
477,150.39999999999998
478,145.5
479,121.1
480,127.19999999999999
481,142.2
482,131.56
483,68.5
484,121.6
485,144.9
486,78.5
487,142.5
488,117.2
489,87.0
490,156.8
491,156.8
492,109.9
493,115.6
494,99.89999999999999
495,96.5
496,101.4
497,61.4
498,136.8
499,135.8
500,156.8
501,120.99999999999999
502,101.39999999999999
503,125.9
504,120.8
505,89.39999999999999
506,126.2
507,148.5
508,100.6
509,160.0
510,113.75999999999998
511,140.8
512,72.30000000000001
513,108.6
514,127.2
515,122.8
516,82.0
517,159.0
518,154.0
519,65.39999999999999
520,111.4
521,139.0
522,117.1
523,131.6
524,108.0
525,132.36
526,95.99999999999999
527,131.6
528,107.8
529,149.0
530,139.39999999999998
531,82.4
532,119.6
533,127.5
534,113.0
535,160.0
536,127.4
537,160.0
538,132.2
539,160.0
540,132.0
541,147.76
542,75.6
543,103.0
544,160.0
545,110.86
546,160.0
547,110.39999999999999
548,145.0
549,162.0
550,160.0
551,152.4
552,128.2
553,128.0
554,115.7
555,92.29999999999997
556,117.8
557,132.3
558,160.0
559,94.0
560,147.2
561,82.9
562,110.5
563,143.8
564,117.4
565,114.0
566,150.6
567,127.4
568,117.56
569,129.8
570,156.8
571,110.5
572,117.0
573,149.6
574,106.1
575,156.8
576,113.4
577,140.0
578,150.2
579,150.4
580,57.5
581,55.19999999999998
582,160.0
583,105.4
584,160.0
585,118.1
586,122.5
587,127.4
588,104.0
589,129.8
590,137.9
591,156.8
592,133.0
593,159.6
594,120.5
595,120.5
596,148.5
597,101.6
598,72.89999999999999
599,117.3
600,110.19999999999999
601,134.5
602,144.2
603,109.1
604,160.0
605,127.4
606,115.0
607,86.79999999999998
608,108.3
609,115.0
610,141.7
611,114.5
612,156.8
613,116.4
614,130.0
615,160.0
616,141.6
617,140.20000000000002
618,140.8
619,143.2
620,123.5
621,157.0
622,109.79999999999998
623,80.3
624,111.2
625,156.8
626,106.8
627,146.1
628,106.19999999999999
629,95.0
630,136.0
631,127.39999999999999
632,152.6
633,160.0
634,144.0
635,119.8
636,114.6
637,144.0
638,113.7
639,137.0
640,76.96000000000001
641,132.0
642,152.6
643,111.39999999999999
644,146.20000000000002
645,160.0
646,160.0
647,159.0
648,156.8
649,106.69999999999999
650,128.9
651,84.99999999999999
652,153.6
653,159.0
654,126.4
655,127.30000000000001
656,136.6
657,156.8
658,129.0
659,112.6
660,140.5
661,132.0
662,132.0
663,117.8
664,129.5
665,160.0
666,123.3
667,139.0
668,82.8
669,82.9
670,139.6
671,128.9
672,95.09999999999998
673,127.99999999999997
674,137.5
675,119.6
676,76.0
677,134.3
678,153.6
679,132.2
680,160.0
681,126.2
682,115.0
683,147.2
684,122.6
685,135.8
686,132.8
687,129.39999999999998
688,128.8
689,160.0
690,157.0
691,116.19999999999999
692,135.5
693,160.0
694,110.3
695,84.5
696,83.36
697,152.8
698,160.0
699,107.0
700,107.7
701,105.5
702,159.0
703,157.2
704,118.5
705,138.20000000000002
706,147.0
707,160.0
708,157.0
709,119.9
710,150.4
711,132.3
712,81.4
713,105.6
714,160.0
715,133.8
716,137.5
717,151.2
718,74.5
719,86.1
720,160.0
721,110.69999999999999
722,149.2
723,123.0
724,87.1
725,159.0
726,133.4
727,149.0
728,95.29999999999998
729,145.0
730,116.8
731,156.0
732,137.0
733,137.0
734,160.0
735,96.0
736,121.3
737,150.3
738,134.5
739,148.5
740,99.0
741,154.0
742,155.7
743,83.69999999999999
744,141.0
745,153.6
746,150.4
747,113.39999999999999
748,109.3
749,141.39999999999998
750,159.0
751,121.3
752,114.6
753,120.6
754,106.5
755,79.9
756,155.6
757,159.0
758,140.5
759,137.0
760,137.0
761,98.19999999999999
762,111.6
763,106.7
764,157.2
765,153.6
766,125.6
767,157.6
768,146.96
769,160.0
770,85.0
771,124.5
772,122.96000000000001
773,157.0
774,156.8
775,128.5
776,122.69999999999999
777,96.5
778,111.1
779,148.4
780,160.0
781,129.2
782,96.4
783,94.6
784,147.2
785,137.0
786,121.1
787,104.5
788,149.8
789,133.7
790,124.2
791,115.0
792,139.0
793,113.5
794,114.1
795,151.2
796,160.0
797,130.0
798,109.5
799,99.1
800,155.0
801,98.5
802,149.4
803,77.3
804,80.69999999999999
805,160.0
806,160.0
807,160.0
808,87.59999999999998
809,119.26
810,103.4
811,160.0
812,118.0
813,137.0
814,99.19999999999999
815,156.8
816,149.0
817,77.4
818,96.3
819,133.8
820,134.0
821,91.2
822,129.4
823,118.0
824,82.0
825,115.0
826,121.0
827,138.5
828,137.0
829,117.0
830,89.4
831,143.2
832,144.8
833,137.6
834,155.6
835,86.80000000000001
836,160.0
837,108.8
838,55.4
839,117.4
840,148.4
841,102.8
842,153.5
843,65.9
844,99.6
845,160.0
846,87.59999999999998
847,72.2
848,70.6
849,142.76
850,116.80000000000001
851,138.1
852,132.0
853,129.9
854,152.29999999999998
855,137.6
856,87.0
857,156.4
858,145.8
859,128.9
860,105.3
861,147.0
862,160.0
863,127.5
864,106.6
865,152.6
866,160.0
867,136.79999999999998
868,135.4
869,91.5
870,116.3
871,136.6
872,156.8
873,115.0
874,132.3
875,148.4
876,160.0
877,132.0
878,58.599999999999994
879,115.5
880,115.0
881,132.0
882,133.0
883,92.6
884,120.6
885,126.8
886,136.8
887,137.6
888,149.2
889,125.5
890,52.5
891,160.0
892,86.9
893,116.3
894,142.56
895,140.5
896,155.6
897,140.2
898,117.69999999999999
899,142.1
900,118.0
901,133.0
902,104.8
903,160.0
904,134.15999999999997
905,81.86
906,101.0
907,117.7
908,57.9
909,124.79999999999998
910,34.3
911,156.7
912,104.35999999999999
913,130.6
914,122.1
915,136.56
916,157.0
917,137.0
918,117.5
919,147.5
920,118.0
921,117.4
922,148.4
923,150.16
924,121.3
925,125.6
926,129.0
927,88.3
928,127.2
929,135.8
930,131.2
931,150.39999999999998
932,116.9
933,139.0
934,90.4
935,102.8
936,135.5
937,123.0
938,116.5
939,67.0
940,160.0
941,131.2
942,144.0
943,147.2
944,113.0
945,99.8
946,127.4
947,129.0
948,129.8
949,155.6
950,124.0
951,160.0
952,146.0
953,65.6
954,156.56
955,125.4
956,100.19999999999999
957,97.7
958,132.8
959,140.0
960,119.19999999999999
961,116.3
962,141.2
963,143.6
964,109.0
965,160.0
966,72.8
967,96.9
968,159.0
969,110.5
970,123.0
971,72.0
972,132.0
973,133.6
974,160.0
975,128.5
976,107.19999999999999
977,120.6
978,133.8
979,156.8
980,145.3
981,117.3
982,139.0
983,94.0
984,156.8
985,133.56
986,160.0
987,159.0
988,146.0
989,90.59999999999998
990,97.8
991,162.0
992,133.56
993,135.7
994,145.2
995,156.56
996,100.0
997,132.0
998,121.0
999,145.1
1000,66.5
1001,146.0
1002,114.20000000000002
1003,92.1
1004,88.89999999999999
1005,162.0
1006,137.0
1007,106.2
1008,152.8
1009,145.8
1010,139.0
1011,153.6
1012,120.8
1013,137.0
1014,99.2
1015,113.4
1016,123.4
1017,130.5
1018,153.7
1019,152.3
1020,159.0
1021,133.56
1022,107.5
1023,127.0
1024,87.7
1025,155.6
1026,135.6
1027,118.9
1028,139.0
1029,135.5
1030,150.39999999999998
1031,130.6
1032,137.6
1033,117.56
1034,63.300000000000004
1035,150.4
1036,47.8
1037,135.6
1038,111.8
1039,160.0
1040,82.39999999999999
1041,160.0
1042,132.3
1043,109.89999999999998
1044,160.0
1045,97.3
1046,114.6
1047,114.5
1048,155.8
1049,139.6
1050,146.0
1051,125.92
1052,157.6
1053,106.5
1054,120.6
1055,160.0
1056,126.6
1057,153.6
1058,116.1
1059,137.0
1060,160.0
1061,117.4
1062,146.0
1063,106.39999999999999
1064,117.0
1065,150.3
1066,156.8
1067,135.3
1068,159.0
1069,153.6
1070,110.5
1071,157.6
1072,117.2
1073,98.1
1074,61.9
1075,135.5
1076,140.5
1077,160.0
1078,110.8
1079,146.95999999999998
1080,156.7
1081,156.8
1082,116.0
1083,126.0
1084,68.2
1085,140.0
1086,155.8
1087,94.6
1088,113.09999999999998
1089,132.4
1090,160.0
1091,160.0
1092,160.0
1093,130.8
1094,149.16
1095,93.0
1096,125.19999999999999
1097,107.3
1098,119.5
1099,121.0
1100,157.6
1101,150.7
1102,160.0
1103,132.7
1104,59.0
1105,104.0
1106,130.4
1107,134.06
1108,117.1
1109,155.60000000000002
1110,150.6
1111,115.4
1112,160.0
1113,160.0
1114,137.0
1115,155.6
1116,126.0
1117,160.0
1118,159.0
1119,160.0
1120,137.0
1121,158.8
1122,150.4
1123,155.8
1124,140.0
1125,137.0
1126,119.0
1127,119.5
1128,146.4
1129,157.0
1130,150.4
1131,78.3
1132,117.8
1133,120.5
1134,137.0
1135,132.8
1136,127.7
1137,128.8
1138,146.4
1139,123.4
1140,133.0
1141,96.39999999999999
1142,148.5
1143,159.0
1144,133.2
1145,65.0
1146,91.80000000000001
1147,148.4
1148,120.0
1149,160.0
1150,129.5
1151,122.6
1152,129.0
1153,82.80000000000001
1154,137.0
1155,134.0
1156,155.12
1157,113.1
1158,99.6
1159,96.5
1160,128.8
1161,72.4
1162,160.0
1163,137.0
1164,133.5
1165,137.0
1166,147.2
1167,153.36
1168,160.0
1169,146.2
1170,141.8
1171,156.56
1172,117.3
1173,119.2
1174,160.0
1175,143.0
1176,130.5
1177,110.0
1178,150.4
1179,80.5
1180,157.0
1181,137.8
1182,103.2
1183,104.25999999999999
1184,128.9
1185,133.7
1186,90.0
1187,75.9
1188,96.5
1189,130.39999999999998
1190,135.9
1191,125.0
1192,153.6
1193,96.8
1194,74.6
1195,84.8
1196,122.9
1197,121.0
1198,137.6
1199,137.0
1200,115.2
1201,137.0
1202,102.6
1203,104.2
1204,109.6
1205,133.8
1206,137.1
1207,135.5
1208,156.8
1209,115.0
1210,121.2
1211,134.9
1212,126.7
1213,120.5
1214,147.2
1215,115.0
1216,98.8
1217,160.0
1218,133.2
1219,129.0
1220,155.8
1221,80.1
1222,124.16
1223,144.5
1224,155.7
1225,50.599999999999994
1226,148.5
1227,76.0
1228,63.80000000000001
1229,30.0
1230,96.5
1231,109.4
1232,140.0
1233,100.4
1234,113.56
1235,131.2
1236,96.06
1237,124.89999999999999
1238,106.9
1239,160.0
1240,125.6
1241,120.39999999999999
1242,160.0
1243,100.0
1244,116.3
1245,129.4
1246,155.8
1247,137.2
1248,82.29999999999998
1249,133.8
1250,114.6
1251,150.6
1252,155.6
1253,140.8
1254,145.1
1255,146.0
1256,120.5
1257,85.8
1258,106.2
1259,156.8
1260,121.96
1261,103.0
1262,136.0
1263,129.4
1264,159.0
1265,91.7
1266,111.7
1267,160.0
1268,116.0
1269,107.39999999999999
1270,113.1
1271,134.6
1272,127.19999999999999
1273,141.3
1274,88.5
1275,136.4
1276,122.5
1277,160.0
1278,130.6
1279,144.5
1280,129.0
1281,114.6
1282,133.4
1283,151.2
1284,113.0
1285,88.3
1286,159.0
1287,129.0
1288,94.5
1289,160.0
1290,118.9
1291,155.36
1292,117.1
1293,134.6
1294,144.8
1295,126.0
1296,110.4
1297,95.0
1298,110.1
1299,140.5
1300,137.0
1301,157.6
1302,153.6
1303,134.9
1304,160.0
1305,156.56
1306,127.5
1307,155.56
1308,160.0
1309,119.0
1310,156.8
1311,125.6
1312,144.8
1313,139.0
1314,138.5
1315,159.0
1316,83.6
1317,70.5
1318,139.0
1319,137.0
1320,114.89999999999999
1321,113.0
1322,160.0
1323,156.7
1324,76.3
1325,130.6
1326,148.5
1327,157.6
1328,102.0
1329,118.9
1330,99.6
1331,159.0
1332,109.0
1333,152.3
1334,112.3
1335,117.4
1336,121.2
1337,146.4
1338,125.4
1339,93.6
1340,125.0
1341,40.199999999999996
1342,92.9
1343,116.3
1344,131.0
1345,111.3
1346,139.0
1347,155.8
1348,116.8
1349,143.39999999999998
1350,109.0
1351,87.56000000000003
1352,94.2
1353,125.5
1354,160.0
1355,123.9
1356,160.0
1357,129.8
1358,129.0
1359,34.960000000000015
1360,135.6
1361,147.2
1362,119.0
1363,135.2
1364,87.2
1365,132.8
1366,160.0
1367,151.2
1368,149.0
1369,147.8
1370,95.8
1371,160.0
1372,116.6
1373,154.0
1374,156.7
1375,75.69999999999999
1376,129.8
1377,156.0
1378,157.0
1379,80.2
1380,151.8
1381,85.7
1382,153.6
1383,146.96
1384,59.3
1385,130.6
1386,132.3
1387,147.8
1388,137.0
1389,142.90000000000003
1390,66.6
1391,123.19999999999999
1392,133.4
1393,156.7
1394,155.6
1395,154.0
1396,103.5
1397,156.8
1398,153.6
1399,96.4
1400,160.0
1401,117.8
1402,152.8
1403,144.8
1404,155.0
1405,154.0
1406,156.7
1407,130.6
1408,127.5
1409,151.2
1410,115.0
1411,85.5
1412,135.5
1413,158.8
1414,150.16
1415,113.6
1416,152.8
1417,157.0
1418,160.0
1419,119.6
1420,150.4
1421,115.0
1422,159.0
1423,98.19999999999999
1424,160.0
1425,133.7
1426,140.0
1427,104.56
1428,160.0
1429,153.6
1430,153.6
1431,124.3
1432,153.6
1433,115.30000000000001
1434,137.0
1435,150.8
1436,123.0
1437,135.5
1438,132.0
1439,160.0
1440,154.7
1441,134.9
1442,162.0
1443,144.8
1444,139.7
1445,130.5
1446,142.0
1447,44.6
1448,156.8
1449,142.5
1450,110.39999999999999
1451,118.5
1452,158.0
1453,120.1
1454,114.6
1455,122.4
1456,98.0
1457,95.8
1458,134.9
1459,76.0
1460,142.8
1461,156.8
1462,159.0
1463,63.9
1464,160.0
1465,159.0
1466,157.0
1467,156.8
1468,128.8
1469,120.59999999999998
1470,119.8
1471,84.5
1472,104.7
1473,160.0
1474,151.2
1475,117.80000000000001
1476,137.6
1477,106.9
1478,159.0
1479,139.0
1480,129.8
1481,88.5
1482,159.0
1483,156.8
1484,53.8
1485,128.0
1486,159.0
1487,130.2
1488,133.2
1489,99.99999999999997
1490,150.39999999999998
1491,118.0
1492,130.2
1493,102.4
1494,152.8
1495,84.9
1496,124.2
1497,139.0
1498,102.19999999999999
1499,154.16
1500,132.0
1501,119.5
1502,154.0
1503,96.5
1504,153.7
1505,80.4
1506,156.0
1507,139.3
1508,84.6
1509,153.6
1510,113.19999999999999
1511,160.0
1512,118.5
1513,69.6
1514,109.4
1515,74.5
1516,149.0
1517,131.3
1518,121.0
1519,110.8
1520,113.8
1521,117.0
1522,131.3
1523,99.0
1524,160.0
1525,127.0
1526,135.5
1527,99.0
1528,152.39999999999998
1529,139.0
1530,74.2
1531,139.7
1532,139.39999999999998
1533,142.5
1534,160.0
1535,152.4
1536,139.0
1537,146.0
1538,132.3
1539,125.8
1540,145.2
1541,156.8
1542,131.2
1543,133.8
1544,124.3
1545,118.0
1546,149.0
1547,66.65999999999998
1548,122.5
1549,156.5
1550,123.3
1551,126.0
1552,133.4
1553,119.0
1554,76.0
1555,123.1
1556,116.0
1557,104.5
1558,145.3
1559,133.8
1560,129.4
1561,119.8
1562,82.36
1563,103.86
1564,135.7
1565,156.8
1566,160.0
1567,127.4
1568,137.6
1569,140.8
1570,137.0
1571,125.5
1572,92.79999999999998
1573,138.06
1574,140.0
1575,156.8
1576,157.0
1577,156.8
1578,135.0
1579,128.0
1580,150.16
1581,160.0
1582,140.5
1583,127.86
1584,149.39999999999998
1585,133.5
1586,158.0
1587,125.8
1588,149.16
1589,160.0
1590,116.5
1591,119.6
1592,124.0
1593,126.1
1594,112.3
1595,74.86
1596,121.3
1597,158.0
1598,118.0
1599,157.6
1600,87.7
1601,87.5
1602,121.7
1603,87.8
1604,136.6
1605,140.5
1606,104.0
1607,156.56
1608,129.8
1609,83.0
1610,154.0
1611,143.0
1612,115.2
1613,139.0
1614,126.8
1615,132.3
1616,156.0
1617,150.39999999999998
1618,116.0
1619,146.0
1620,133.9
1621,117.8
1622,155.6
1623,97.80000000000001
1624,100.26
1625,132.6
1626,90.5
1627,94.0
1628,124.8
1629,157.0
1630,129.4
1631,133.0
1632,149.6
1633,157.6
1634,137.0
1635,141.3
1636,156.8
1637,140.0
1638,70.9
1639,159.0
1640,114.30000000000001
1641,157.0
1642,160.0
1643,137.0
1644,134.0
1645,147.8
1646,116.3
1647,160.0
1648,138.2
1649,122.36
1650,145.5
1651,116.0
1652,153.2
1653,93.4
1654,137.0
1655,119.5
1656,160.0
1657,160.0
1658,159.0
1659,127.5
1660,148.4
1661,140.0
1662,125.56
1663,145.5
1664,146.0
1665,131.8
1666,147.2
1667,160.0
1668,121.2
1669,143.0
1670,139.0
1671,148.5
1672,160.0
1673,70.0
1674,100.76
1675,132.8
1676,98.35999999999999
1677,137.5
1678,160.0
1679,133.0
1680,128.8
1681,118.5
1682,139.0
1683,116.6
1684,137.0
1685,138.0
1686,137.0
1687,82.1
1688,158.8
1689,156.8
1690,124.8
1691,71.80000000000001
1692,137.0
1693,121.2
1694,133.0
1695,113.0
1696,93.0
1697,134.4
1698,137.0
1699,130.8
1700,99.6
1701,110.5
1702,80.5
1703,95.9
1704,89.4
1705,127.16
1706,121.0
1707,125.76
1708,153.36
1709,76.5
1710,107.4
1711,123.0
1712,110.5
1713,155.8
1714,157.0
1715,128.0
1716,144.6
1717,89.5
1718,133.8
1719,111.6
1720,150.39999999999998
1721,100.1
1722,160.0
1723,136.0
1724,144.5
1725,129.0
1726,82.6
1727,129.6
1728,96.3
1729,147.0
1730,149.6
1731,140.0
1732,78.3
1733,115.7
1734,160.0
1735,81.6
1736,149.0
1737,130.6
1738,88.47999999999999
1739,135.8
1740,83.5
1741,76.9
1742,112.1
1743,122.19999999999999
1744,135.5
1745,160.0
1746,139.6
1747,134.6
1748,112.4
1749,124.8
1750,73.30000000000001
1751,145.06
1752,150.39999999999998
1753,128.2
1754,142.66
1755,157.0
1756,124.5
1757,87.29999999999998
1758,139.0
1759,108.19999999999999
1760,128.56
1761,160.0
1762,109.1
1763,111.7
1764,98.66
1765,131.0
1766,135.5
1767,143.0
1768,129.39999999999998
1769,137.6
1770,89.4
1771,146.0
1772,130.6
1773,129.0
1774,158.0
1775,160.0
1776,125.0
1777,142.66
1778,134.5
1779,116.5
1780,120.76
1781,119.5
1782,122.26
1783,144.0
1784,98.39999999999999
1785,131.39999999999998
1786,137.2
1787,64.0
1788,137.0
1789,153.39999999999998
1790,70.0
1791,130.2
1792,125.8
1793,124.3
1794,151.2
1795,104.9
1796,160.0
1797,160.0
1798,116.9
1799,83.3
1800,132.3
1801,130.2
1802,98.5
1803,146.4
1804,135.5
1805,132.8
1806,122.5
1807,158.8
1808,114.59999999999998
1809,77.30000000000001
1810,159.0
1811,151.10000000000002
1812,130.6
1813,102.6
1814,129.4
1815,96.5
1816,147.3
1817,153.6
1818,128.1
1819,124.8
1820,156.8
1821,152.6
1822,133.8
1823,85.8
1824,104.5
1825,152.4
1826,113.5
1827,114.1
1828,135.8
1829,146.0
1830,149.6
1831,76.3
1832,138.6
1833,137.0
1834,149.0
1835,107.0
1836,142.8
1837,105.5
1838,135.5
1839,105.5
1840,109.8
1841,139.59999999999997
1842,147.9
1843,160.0
1844,40.00000000000001
1845,92.39999999999999
1846,123.0
1847,100.9
1848,152.6
1849,155.8
1850,135.6
1851,146.2
1852,157.0
1853,119.19999999999999
1854,84.6
1855,111.8
1856,125.4
1857,100.7
1858,127.79999999999998
1859,129.9
1860,157.0
1861,162.0
1862,111.4
1863,113.1
1864,153.2
1865,93.4
1866,144.0
1867,131.76
1868,142.96
1869,130.8
1870,156.8
1871,144.0
1872,104.9
1873,107.79999999999998
1874,104.75999999999999
1875,133.7
1876,126.0
1877,119.60000000000001
1878,139.0
1879,102.0
1880,144.6
1881,156.7
1882,146.5
1883,157.2
1884,121.8
1885,140.0
1886,113.4
1887,130.6
1888,79.0
1889,127.5
1890,131.6
1891,100.5
1892,128.1
1893,152.4
1894,156.0
1895,100.3
1896,155.6
1897,154.0
1898,104.0
1899,108.4
1900,115.0
1901,89.8
1902,147.8
1903,148.5
1904,115.4
1905,135.5
1906,100.59999999999998
1907,100.3
1908,142.7
1909,159.0
1910,135.5
1911,108.80000000000001
1912,160.0
1913,112.2
1914,66.19999999999999
1915,144.0
1916,160.0
1917,132.5
1918,125.8
1919,116.9
1920,145.4
1921,100.5
1922,155.6
1923,133.2
1924,122.8
1925,146.0
1926,156.8
1927,153.6
1928,137.4
1929,156.7
1930,95.0
1931,149.0
1932,101.46000000000001
1933,128.0
1934,160.0
1935,116.4
1936,132.3
1937,141.0
1938,137.6
1939,114.4
1940,116.5
1941,126.9
1942,158.0
1943,117.5
1944,140.0
1945,104.06
1946,121.96
1947,89.16
1948,143.89999999999998
1949,157.0
1950,160.0
1951,128.0
1952,160.0
1953,160.0
1954,94.49999999999999
1955,140.5
1956,90.5
1957,107.5
1958,140.5
1959,109.6
1960,115.8
1961,159.0
1962,126.0
1963,110.6
1964,130.36
1965,145.7
1966,156.8
1967,160.0
1968,126.4
1969,66.8
1970,130.6
1971,157.0
1972,159.0
1973,100.0
1974,108.39999999999999
1975,128.0
1976,152.4
1977,123.2
1978,68.6
1979,103.8
1980,150.39999999999998
1981,147.2
1982,160.0
1983,160.0
1984,144.2
1985,141.0
1986,133.2
1987,121.0
1988,156.8
1989,160.0
1990,135.2
1991,124.0
1992,157.0
1993,160.0
1994,145.7
1995,100.8
1996,137.0
1997,118.0
1998,123.7
1999,136.6
2000,117.5
2001,122.8
2002,160.0
2003,118.0
2004,133.5
2005,133.2
2006,128.0
2007,128.3
2008,86.8
2009,111.8
2010,114.2
2011,99.5
2012,160.0
2013,115.99999999999999
2014,119.2
2015,100.5
2016,133.0
2017,129.6
2018,160.0
2019,131.79999999999998
2020,152.4
2021,133.4
2022,97.56
2023,114.2
2024,144.7
2025,87.5
2026,114.6
2027,109.36
2028,136.0
2029,134.36
2030,62.4
2031,137.0
2032,156.56
2033,139.0
2034,134.16
2035,87.19999999999999
2036,156.8
2037,108.86
2038,160.0
2039,139.0
2040,66.1
2041,151.2
2042,142.8
2043,144.0
2044,95.5
2045,11.8
2046,100.5
2047,96.5
2048,160.0
2049,139.2
2050,113.89999999999998
2051,121.0
2052,68.46
2053,152.7
2054,139.4
2055,117.56
2056,125.2
2057,112.0
2058,121.7
2059,137.0
2060,112.0
2061,151.8
2062,125.39999999999999
2063,100.5
2064,86.19999999999999
2065,125.4
2066,121.0
2067,135.5
2068,157.0
2069,92.9
2070,89.5
2071,160.0
2072,157.0
2073,160.0
2074,147.8
2075,133.0
2076,153.26
2077,134.9
2078,160.0
2079,116.5
2080,118.2
2081,129.0
2082,138.0
2083,136.0
2084,145.1
2085,152.7
2086,128.5
2087,150.76
2088,159.0
2089,89.96
2090,133.4
2091,147.8
2092,133.4
2093,136.4
2094,161.0
2095,137.2
2096,129.0
2097,132.2
2098,160.0
2099,148.0
2100,109.2
2101,156.0
2102,150.6
2103,122.0
2104,74.0
2105,137.0
2106,160.0
2107,160.0
2108,94.0
2109,47.5
2110,148.5
2111,155.56
2112,115.0
2113,162.0
2114,117.4
2115,133.6
2116,162.0
2117,140.5
2118,140.9
2119,159.6
2120,154.0
2121,136.4
2122,102.19999999999999
2123,129.0
2124,159.0
2125,111.69999999999999
2126,138.8
2127,158.0
2128,160.0
2129,156.7
2130,152.29999999999998
2131,159.0
2132,148.5
2133,160.0
2134,153.36
2135,118.6
2136,121.0
2137,160.0
2138,139.0
2139,84.0
2140,73.2
2141,156.0
2142,148.5
2143,128.8
2144,129.8
2145,160.0
2146,131.8
2147,132.0
2148,132.0
2149,135.5
2150,150.4
2151,139.0
2152,156.7
2153,160.0
2154,121.0
2155,86.0
2156,137.0
2157,129.2
2158,152.16
2159,137.0
2160,106.8
2161,147.5
2162,118.19999999999999
2163,158.0
2164,137.0
2165,123.5
2166,127.5
2167,149.0
2168,118.2
2169,106.80000000000001
2170,160.0
2171,160.0
2172,160.0
2173,145.2
2174,160.0
2175,142.5
2176,128.8
2177,98.0
2178,87.3
2179,155.8
2180,140.0
2181,160.0
2182,77.2
2183,78.56
2184,119.5
2185,157.6
2186,47.099999999999994
2187,102.7
2188,112.5
2189,66.4
2190,149.0
2191,129.4
2192,159.0
2193,140.0
2194,137.2
2195,152.4
2196,147.06
2197,159.0
2198,160.0
2199,157.0
2200,119.5
2201,118.6
2202,131.9
2203,136.0
2204,115.1
2205,147.8
2206,136.7
2207,150.4
2208,156.8
2209,109.80000000000001
2210,156.8
2211,129.39999999999998
2212,160.0
2213,121.0
2214,109.4
2215,160.0
2216,154.0
2217,160.0
2218,138.6
2219,133.3
2220,133.4
2221,118.0
2222,132.0
2223,160.0
2224,129.0
2225,160.0
2226,162.0
2227,131.6
2228,133.4
2229,160.0
2230,93.0
2231,129.0
2232,146.0
2233,160.0
2234,97.5
2235,144.5
2236,131.8
2237,156.0
2238,105.9
2239,114.5
2240,160.0
2241,160.0
2242,119.8
2243,138.5
2244,130.6
2245,160.0
2246,99.1
2247,111.9
2248,103.8
2249,81.9
2250,131.0
2251,138.0
2252,160.0
2253,95.0
2254,156.7
2255,135.5
2256,139.0
2257,131.9
2258,124.8
2259,89.4
2260,160.0
2261,142.6
2262,77.5
2263,105.16
2264,132.0
2265,160.0
2266,160.0
2267,157.6
2268,160.0
2269,149.0
2270,155.7
2271,131.3
2272,130.6
2273,115.0
2274,129.2
2275,149.0
2276,113.8
2277,160.0
2278,132.2
2279,160.0
2280,97.0
2281,119.56
2282,64.69999999999999
2283,157.0
2284,124.2
2285,156.8
2286,89.69999999999999
2287,125.5
2288,148.4
2289,129.2
2290,148.5
2291,111.4
2292,106.8
2293,138.0
2294,129.0
2295,159.6
2296,127.26
2297,137.0
2298,103.4
2299,137.8
2300,72.4
2301,96.5
2302,132.8
2303,90.80000000000001
2304,75.0
2305,114.4
2306,150.4
2307,114.7
2308,108.0
2309,156.7
2310,94.7
2311,128.5
2312,75.7
2313,72.4
2314,136.8
2315,134.9
2316,114.5
2317,66.3
2318,141.0
2319,57.0
2320,138.7
2321,133.0
2322,116.5
2323,42.9
2324,86.9
2325,137.0
2326,160.0
2327,160.0
2328,157.0
2329,77.86
2330,114.9
2331,104.5
2332,100.0
2333,135.5
2334,131.6
2335,110.0
2336,114.5
2337,156.8
2338,146.6
2339,154.0
2340,160.0
2341,119.0
2342,68.8
2343,92.3
2344,126.0
2345,137.6
2346,159.0
2347,135.0
2348,106.5
2349,119.0
2350,152.4
2351,95.5
2352,129.0
2353,137.0
2354,133.7
2355,73.4
2356,132.0
2357,113.0
2358,160.0
2359,160.0
2360,152.7
2361,160.0
2362,136.0
2363,132.8
2364,160.0
2365,126.5
2366,160.0
2367,155.6
2368,160.0
2369,159.0
2370,72.6
2371,115.1
2372,156.0
2373,137.0
2374,124.5
2375,160.0
2376,138.0
2377,154.16
2378,140.0
2379,112.0
2380,134.9
2381,158.6
2382,133.4
2383,48.99999999999999
2384,72.4
2385,160.0
2386,91.3
2387,160.0
2388,150.4
2389,131.0
2390,120.3
2391,116.0
2392,160.0
2393,160.0
2394,155.56
2395,116.0
2396,126.0
2397,137.0
2398,157.0
2399,122.5
2400,117.4
2401,159.0
2402,125.0
2403,129.4
2404,54.7
2405,132.0
2406,137.0
2407,153.76
2408,140.0
2409,114.6
2410,136.6
2411,159.0
2412,139.0
2413,160.0
2414,160.0
2415,160.0
2416,86.75999999999999
2417,160.0
2418,130.6
2419,121.0
2420,160.0
2421,129.5
2422,126.8
2423,132.0
2424,131.3
2425,134.6
2426,133.5
2427,147.56
2428,155.8
2429,160.0
2430,97.9
2431,125.4
2432,160.0
2433,132.0
2434,135.8
2435,139.0
2436,98.0
2437,125.0
2438,160.0
2439,160.0
2440,137.0
2441,154.0
2442,157.0
2443,137.0
2444,160.0
2445,106.4
2446,91.5
2447,160.0
2448,119.7
2449,111.8
2450,117.9
2451,124.8
2452,119.6
2453,118.2
2454,101.8
2455,137.0
2456,146.0
2457,156.0
2458,160.0
2459,120.0
2460,160.0
2461,60.75999999999999
2462,147.8
2463,160.0
2464,132.8
2465,113.5
2466,94.39999999999999
2467,156.0
2468,91.0
2469,160.0
2470,162.0
2471,130.8
2472,116.5
2473,123.0
2474,119.5
2475,160.0
2476,129.0
2477,112.0
2478,160.0
2479,160.0
2480,127.0
2481,135.6
2482,91.9
2483,93.0
2484,156.0
2485,113.4
2486,113.8
2487,139.0
2488,119.5
2489,117.4
2490,132.3
2491,118.2
2492,160.0
2493,75.1
2494,125.4
2495,103.7
2496,95.1
2497,155.6
2498,138.2
2499,156.8
2500,81.9
2501,134.5
2502,126.0
2503,131.0
2504,111.0
2505,159.0
2506,137.0
2507,104.3
2508,131.5
2509,160.0
2510,147.8
2511,98.5
2512,139.0
2513,145.56
2514,137.0
2515,144.5
2516,136.6
2517,156.7
2518,76.8
2519,138.5
2520,142.0
2521,137.0
2522,155.7
2523,76.9
2524,90.19999999999999
2525,160.0
2526,148.7
2527,121.0
2528,159.0
2529,61.900000000000006
2530,160.0
2531,121.2
2532,115.0
2533,132.2
2534,92.19999999999999
2535,142.1
2536,133.4
2537,136.4
2538,147.8
2539,71.5
2540,127.0
2541,159.0
2542,133.56
2543,140.0
2544,160.0
2545,156.0
2546,116.0
2547,114.5
2548,131.6
2549,84.0
2550,118.52000000000001
2551,160.0
2552,116.0
2553,114.0
2554,131.2
2555,140.0
2556,156.8
2557,160.0
2558,111.4
2559,108.56
2560,108.0
2561,129.2
2562,130.5
2563,139.0
2564,114.6
2565,117.5
2566,106.8
2567,152.4
2568,110.9
2569,139.5
2570,119.5
2571,159.0
2572,139.0
2573,150.7
2574,160.0
2575,151.8
2576,129.0
2577,96.5
2578,156.7
2579,144.0
2580,160.0
2581,130.1
2582,125.0
2583,160.0
2584,114.0
2585,156.7
2586,155.6
2587,140.0
2588,60.0
2589,99.10000000000001
2590,134.9
2591,76.0
2592,84.4
2593,103.3
2594,145.3
2595,132.0
2596,137.0
2597,134.0
2598,129.4
2599,79.3
2600,150.56
2601,136.7
2602,90.80000000000001
2603,160.0
2604,121.0
2605,117.0
2606,95.0
2607,160.0
2608,105.1
2609,104.0
2610,137.0
2611,156.56
2612,159.0
2613,135.5
2614,157.0
2615,130.0
2616,98.0
2617,118.39999999999999
2618,126.0
2619,129.2
2620,156.0
2621,131.8
2622,125.5
2623,138.8
2624,138.5
2625,137.0
2626,75.2
2627,125.4
2628,160.0
2629,159.0
2630,100.8
2631,133.0
2632,95.0
2633,137.0
2634,133.4
2635,101.0
2636,145.8
2637,135.8
2638,148.0
2639,160.0
2640,156.0
2641,116.5
2642,139.6
2643,160.0
2644,118.0
2645,129.2
2646,115.0
2647,125.9
2648,115.0
2649,152.4
2650,160.0
2651,133.3
2652,133.0
2653,96.9
2654,129.56
2655,133.4
2656,115.1
2657,158.7
2658,160.0
2659,72.19999999999999
2660,160.0
2661,137.6
2662,156.8
2663,160.0
2664,162.0
2665,118.0
2666,160.0
2667,160.0
2668,156.0
2669,111.0
2670,149.0
2671,92.5
2672,94.10000000000002
2673,160.0
2674,137.6
2675,84.8
2676,80.6
2677,160.0
2678,130.7
2679,98.8
2680,117.4
2681,117.4
2682,92.5
2683,137.0
2684,160.0
2685,111.2
2686,154.3
2687,140.0
2688,153.56
2689,157.0
2690,86.8
2691,160.0
2692,160.0
2693,160.0
2694,159.0
2695,149.0
2696,160.0
2697,145.3
2698,93.4
2699,156.0
2700,137.0
2701,156.56
2702,155.6
2703,100.0
2704,123.9
2705,67.1
2706,87.9
2707,18.5
2708,140.6
2709,119.0
2710,157.0
2711,160.0
2712,155.8
2713,119.86
2714,128.56
2715,155.8
2716,142.0
2717,133.8
2718,74.7
2719,156.7
2720,81.8
2721,160.0
2722,162.0
2723,95.5
2724,160.0
2725,133.2
2726,159.0
2727,159.0
2728,159.0
2729,117.3
2730,137.0
2731,107.3
2732,118.0
2733,116.0
2734,159.0
2735,74.16
2736,141.0
2737,135.5
2738,156.56
2739,132.8
2740,91.19999999999999
2741,115.0
2742,162.0
2743,110.5
2744,123.0
2745,137.0
2746,159.0
2747,160.0
2748,109.0
2749,157.6
2750,128.5
2751,124.8
2752,160.0
2753,122.5
2754,95.0
2755,125.5
2756,149.8
2757,157.0
2758,129.5
2759,100.1
2760,94.9
2761,118.5
2762,101.8
2763,67.69999999999999
2764,108.6
2765,137.0
2766,135.6
2767,159.0
2768,160.0
2769,125.8
2770,134.5
2771,93.89999999999999
2772,74.5
2773,148.0
2774,133.0
2775,150.4
2776,146.0
2777,122.1
2778,115.3
2779,149.0
2780,160.0
2781,138.0
2782,100.9
2783,137.0
2784,146.6
2785,160.0
2786,117.8
2787,160.0
2788,110.0
2789,134.5
2790,98.46000000000001
2791,120.6
2792,156.56
2793,117.0
2794,159.6
2795,76.6
2796,122.5
2797,108.8
2798,111.0
2799,92.0
2800,138.3
2801,159.0
2802,139.66
2803,131.0
2804,137.0
2805,93.5
2806,109.1
2807,156.5
2808,160.0
2809,117.4
2810,94.4
2811,132.0
2812,133.0
2813,109.5
2814,114.9
2815,62.86
2816,158.0
2817,137.0
2818,133.4
2819,119.5
2820,115.0
2821,115.0
2822,136.8
2823,135.5
2824,150.5
2825,103.4
2826,127.5
2827,128.4
2828,123.9
2829,128.5
2830,159.0
2831,101.69999999999999
2832,160.0
2833,150.4
2834,160.0
2835,118.6
2836,112.4
2837,119.5
2838,116.86
2839,129.4
2840,115.0
2841,119.5
2842,154.0
2843,160.0
2844,141.0
2845,116.3
2846,156.7
2847,157.0
2848,158.8
2849,160.0
2850,155.7
2851,160.0
2852,80.19999999999999
2853,94.5
2854,144.2
2855,122.7
2856,100.0
2857,107.5
2858,156.0
2859,131.3
2860,160.0
2861,154.0
2862,129.0
2863,157.0
2864,159.0
2865,160.0
2866,133.56
2867,137.0
2868,118.0
2869,90.4
2870,129.06
2871,83.2
2872,126.0
2873,116.5
2874,148.5
2875,94.0
2876,137.0
2877,111.50000000000001
2878,157.0
2879,137.0
2880,141.0
2881,140.5
2882,160.0
2883,156.8
2884,120.6
2885,157.6
2886,110.0
2887,125.0
2888,160.0
2889,146.0
2890,103.96000000000001
2891,115.0
2892,115.0
2893,86.4
2894,138.4
2895,160.0
2896,112.4
2897,98.1
2898,71.8
2899,145.3
2900,155.8
2901,76.0
2902,152.7
2903,156.56
2904,94.0
2905,134.0
2906,157.6
2907,154.29999999999998
2908,137.0
2909,156.8
2910,160.0
2911,154.0
2912,140.3
2913,129.8
2914,120.0
2915,136.0
2916,65.4
2917,143.4
2918,131.46
2919,144.5
2920,130.5
2921,157.6
2922,117.0
2923,146.5
2924,154.0
2925,97.4
2926,157.6
2927,104.5
2928,132.8
2929,118.5
2930,158.0
2931,89.2
2932,83.0
2933,139.0
2934,135.6
2935,148.4
2936,101.5
2937,108.8
2938,160.0
2939,139.0
2940,103.6
2941,137.6
2942,118.0
2943,129.0
2944,129.2
2945,109.0
2946,140.0
2947,144.5
2948,117.8
2949,137.0
2950,162.0
2951,99.75999999999999
2952,78.5
2953,156.8
2954,160.0
2955,108.8
2956,136.8
2957,160.0
2958,123.75999999999999
2959,112.80000000000001
2960,137.6
2961,107.7
2962,68.59999999999998
2963,149.0
2964,136.6
2965,139.0
2966,160.0
2967,110.5
2968,160.0
2969,72.4
2970,119.5
2971,156.8
2972,144.0
2973,86.9
2974,102.7
2975,156.7
2976,136.8
2977,108.4
2978,137.0
2979,108.8
2980,137.0
2981,118.4
2982,160.0
2983,137.0
2984,157.0
2985,137.0
2986,137.0
2987,160.0
2988,90.8
2989,160.0
2990,121.0
2991,160.0
2992,136.56
2993,160.0
2994,129.5
2995,145.8
2996,152.4
2997,160.0
2998,126.8
2999,147.2
3000,120.6
3001,160.0
3002,160.0
3003,160.0
3004,114.8
3005,160.0
3006,125.0
3007,157.0
3008,148.0
3009,97.8
3010,150.56
3011,146.8
3012,157.6
3013,146.6
3014,162.0
3015,113.5
3016,99.5
3017,121.9
3018,132.0
3019,160.0
3020,148.0
3021,109.3
3022,132.3
3023,160.0
3024,90.0
3025,160.0
3026,142.0
3027,95.2
3028,160.0
3029,150.7
3030,117.79999999999998
3031,138.5
3032,119.5
3033,156.8
3034,117.4
3035,135.8
3036,137.0
3037,89.5
3038,108.06
3039,160.0
3040,131.0
3041,151.2
3042,121.3
3043,160.0
3044,143.4
3045,156.7
3046,98.0
3047,157.0
3048,157.6
3049,156.56
3050,160.0
3051,112.7
3052,144.5
3053,160.0
3054,136.4
3055,162.0
3056,148.5
3057,129.5
3058,58.2
3059,137.6
3060,93.8
3061,100.8
3062,145.8
3063,160.0
3064,135.6
3065,116.5
3066,116.0
3067,114.5
3068,160.0
3069,117.4
3070,155.56
3071,115.0
3072,101.0
3073,85.4
3074,119.5
3075,160.0
3076,156.7
3077,134.0
3078,132.8
3079,160.0
3080,135.2
3081,133.56
3082,138.8
3083,148.4
3084,137.6
3085,146.0
3086,122.1
3087,159.0
3088,124.5
3089,160.0
3090,136.8
3091,117.4
3092,133.4
3093,92.9
3094,159.0
3095,98.0
3096,140.0
3097,157.6
3098,152.4
3099,75.5
3100,160.0
3101,85.4
3102,139.0
3103,70.80000000000001
3104,147.3
3105,70.4
3106,76.0
3107,122.4
3108,85.5
3109,154.7
3110,125.6
3111,160.0
3112,132.0
3113,144.5
3114,114.9
3115,100.0
3116,148.5
3117,146.0
3118,115.0
3119,118.5
3120,119.0
3121,147.8
3122,137.0
3123,72.4
3124,124.2
3125,47.0
3126,153.26
3127,157.6
3128,116.4
3129,136.0
3130,157.6
3131,138.5
3132,156.8
3133,160.0
3134,152.4
3135,156.0
3136,133.4
3137,122.2
3138,127.0
3139,106.5
3140,109.2
3141,160.0
3142,152.6
3143,149.0
3144,85.4
3145,127.5
3146,125.9
3147,160.0
3148,110.0
3149,132.8
3150,160.0
3151,155.7
3152,120.5
3153,160.0
3154,114.4
3155,154.0
3156,118.4
3157,98.8
3158,151.36
3159,134.0
3160,125.96
3161,146.8
3162,132.8
3163,125.5
3164,160.0
3165,82.0
3166,128.8
3167,129.4
3168,118.5
3169,159.0
3170,74.8
3171,65.6
3172,131.0
3173,124.0
3174,159.0
3175,113.2
3176,129.0
3177,107.5
3178,120.5
3179,89.5
3180,157.0
3181,148.5
3182,100.3
3183,160.0
3184,95.6
3185,156.7
3186,115.7
3187,111.56
3188,128.5
3189,107.5
3190,160.0
3191,160.0
3192,122.80000000000001
3193,132.4
3194,128.7
3195,83.5
3196,146.0
3197,107.06
3198,79.0
3199,137.0
3200,132.8
3201,149.0
3202,135.3
3203,160.0
3204,159.0
3205,108.0
3206,154.5
3207,132.4
3208,153.6
3209,131.0
3210,128.0
3211,160.0
3212,122.0
3213,128.4
3214,125.5
3215,156.0
3216,150.4
3217,129.5
3218,108.2
3219,114.5
3220,132.8
3221,113.0
3222,119.5
3223,160.0
3224,116.6
3225,146.0
3226,131.0
3227,135.5
3228,160.0
3229,135.5
3230,119.5
3231,131.7
3232,126.0
3233,101.5
3234,162.0
3235,146.0
3236,159.0
3237,134.5
3238,137.0
3239,133.0
3240,133.4
3241,109.8
3242,137.5
3243,131.46
3244,114.4
3245,156.56
3246,136.6
3247,160.0
3248,60.5
3249,160.0
3250,119.5
3251,156.5
3252,152.6
3253,112.0
3254,160.0
3255,94.19999999999999
3256,138.16
3257,148.0
3258,135.5
3259,55.50000000000001
3260,160.0
3261,114.25999999999999
3262,104.4
3263,81.5
3264,158.0
3265,85.7
3266,139.6
3267,138.56
3268,133.4
3269,144.5
3270,159.0
3271,129.0
3272,152.6
3273,154.7
3274,160.0
3275,160.0
3276,133.4
3277,126.0
3278,118.5
3279,140.0
3280,160.0
3281,91.5
3282,119.0
3283,156.8
3284,160.0
3285,118.4
3286,158.0
3287,152.8
3288,131.0
3289,86.4
3290,158.0
3291,64.46000000000001
3292,104.80000000000001
3293,136.6
3294,114.0
3295,117.4
3296,102.9
3297,145.5
3298,108.4
3299,160.0
3300,157.6
3301,156.8
3302,120.0
3303,139.0
3304,140.0
3305,148.5
3306,102.4
3307,152.8
3308,128.0
3309,128.8
3310,115.0
3311,144.8
3312,154.0
3313,131.6
3314,107.5
3315,95.0
3316,115.7
3317,160.0
3318,121.3
3319,81.1
3320,154.0
3321,154.0
3322,157.6
3323,160.0
3324,155.7
3325,150.4
3326,53.9
3327,156.5
3328,129.4
3329,142.2
3330,137.6
3331,159.0
3332,156.5
3333,146.0
3334,87.19999999999999
3335,154.0
3336,160.0
3337,128.4
3338,113.3
3339,117.4
3340,160.0
3341,108.0
3342,159.0
3343,119.0
3344,123.39999999999999
3345,160.0
3346,137.0
3347,130.2
3348,159.0
3349,132.8
3350,120.0
3351,136.8
3352,132.7
3353,101.0
3354,157.6
3355,140.0
3356,148.0
3357,132.0
3358,106.8
3359,75.5
3360,125.4
3361,149.5
3362,116.0
3363,136.4
3364,128.5
3365,113.5
3366,147.8
3367,137.0
3368,119.5
3369,137.0
3370,160.0
3371,133.7
3372,95.0
3373,128.56
3374,121.8
3375,118.5
3376,157.6
3377,136.2
3378,137.0
3379,130.06
3380,111.2
3381,86.0
3382,159.0
3383,151.2
3384,114.0
3385,132.3
3386,85.56
3387,108.66
3388,112.8
3389,137.0
3390,148.5
3391,109.2
3392,135.2
3393,149.0
3394,133.4
3395,160.0
3396,137.0
3397,148.4
3398,114.5
3399,160.0
3400,131.0
3401,149.0
3402,160.0
3403,139.0
3404,141.2
3405,123.5
3406,125.9
3407,137.0
3408,115.8
3409,144.5
3410,160.0
3411,160.0
3412,137.0
3413,150.4
3414,162.0
3415,127.5
3416,151.0
3417,120.5
3418,140.0
3419,117.0
3420,73.5
3421,128.7
3422,104.2
3423,134.0
3424,150.8
3425,77.5
3426,160.0
3427,132.2
3428,117.8
3429,135.5
3430,91.4
3431,121.0
3432,109.0
3433,160.0
3434,137.0
3435,133.7
3436,137.4
3437,124.8
3438,145.5
3439,127.5
3440,158.0
3441,133.0
3442,134.9
3443,132.7
3444,160.0
3445,156.7
3446,119.5
3447,131.46
3448,160.0
3449,156.8
3450,132.8
3451,106.8
3452,156.7
3453,160.0
3454,160.0
3455,159.6
3456,129.5
3457,139.0
3458,142.0
3459,154.8
3460,158.0
3461,96.5
3462,106.6
3463,135.5
3464,155.8
3465,137.5
3466,127.5
3467,118.7
3468,158.0
3469,112.56
3470,137.0
3471,160.0
3472,114.0
3473,88.06
3474,137.6
3475,160.0
3476,157.0
3477,123.39999999999999
3478,155.7
3479,97.1
3480,133.4
3481,135.60000000000002
3482,134.6
3483,133.0
3484,160.0
3485,160.0
3486,160.0
3487,162.0
3488,158.0
3489,160.0
3490,105.8
3491,159.0
3492,133.4
3493,135.1
3494,133.4
3495,129.0
3496,150.4
3497,134.0
3498,113.4
3499,160.0
3500,156.0
3501,77.0
3502,66.5
3503,148.5
3504,137.0
3505,136.4
3506,160.0
3507,160.0
3508,160.0
3509,118.0
3510,135.6
3511,116.9
3512,157.6
3513,116.0
3514,157.0
3515,160.0
3516,157.0
3517,144.5
3518,155.6
3519,135.5
3520,160.0
3521,102.8
3522,137.0
3523,160.0
3524,129.36
3525,159.0
3526,101.56
3527,133.7
3528,132.0
3529,77.5
3530,111.4
3531,148.4
3532,162.0
3533,134.9
3534,159.0
3535,107.0
3536,156.0
3537,140.0
3538,115.0
3539,155.6
3540,132.2
3541,137.0
3542,125.4
3543,137.0
3544,55.6
3545,127.4
3546,140.0
3547,135.2
3548,158.8
3549,95.0
3550,63.4
3551,122.52
3552,148.5
3553,135.5
3554,145.0
3555,66.4
3556,104.9
3557,134.5
3558,140.0
3559,151.2
3560,75.6
3561,115.7
3562,126.0
3563,157.0
3564,107.3
3565,152.7
3566,160.0
3567,136.7
3568,115.6
3569,116.6
3570,46.2
3571,160.0
3572,109.8
3573,154.4
3574,160.0
3575,132.8
3576,160.0
3577,110.0
3578,140.0
3579,156.0
3580,125.0
3581,70.9
3582,160.0
3583,137.0
3584,115.9
3585,98.2
3586,139.0
3587,124.0
3588,111.56
3589,145.8
3590,80.0
3591,141.0
3592,121.7
3593,160.0
3594,159.6
3595,124.8
3596,95.7
3597,122.2
3598,116.0
3599,132.7
3600,148.5
3601,160.0
3602,116.6
3603,157.6
3604,140.0
3605,100.2
3606,123.0
3607,150.8
3608,135.5
3609,129.0
3610,122.7
3611,135.5
3612,156.8
3613,160.0
3614,106.9
3615,129.0
3616,160.0
3617,140.0
3618,140.0
3619,120.7
3620,158.0
3621,121.5
3622,159.0
3623,160.0
3624,97.3
3625,124.8
3626,135.7
3627,159.0
3628,90.0
3629,137.0
3630,135.5
3631,80.7
3632,153.4
3633,133.0
3634,86.4
3635,160.0
3636,160.0
3637,156.8
3638,152.4
3639,127.5
3640,117.5
3641,159.0
3642,75.0
3643,153.4
3644,150.4
3645,115.0
3646,160.0
3647,132.0
3648,100.5
3649,110.5
3650,132.2
3651,154.16
3652,93.8
3653,149.0
3654,160.0
3655,160.0
3656,135.5
3657,156.8
3658,160.0
3659,125.4
3660,137.0
3661,121.9
3662,119.4
3663,133.0
3664,148.4
3665,126.0
3666,115.0
3667,133.36
3668,160.0
3669,129.1
3670,160.0
3671,160.0
3672,117.5
3673,157.0
3674,147.0
3675,162.0
3676,160.0
3677,160.0
3678,115.6
3679,114.0
3680,160.0
3681,117.5
3682,160.0
3683,111.56
3684,159.0
3685,117.7
3686,72.4
3687,157.0
3688,121.0
3689,160.0
3690,132.8
3691,137.0
3692,96.9
3693,129.9
3694,122.2
3695,104.3
3696,160.0
3697,133.4
3698,149.0
3699,115.0
3700,156.0
3701,131.2
3702,160.0
3703,158.0
3704,130.6
3705,47.0
3706,137.0
3707,146.0
3708,148.5
3709,140.0
3710,135.5
3711,133.4
3712,157.0
3713,135.5
3714,94.7
3715,156.0
3716,160.0
3717,116.5
3718,149.0
3719,139.0
3720,117.19999999999999
3721,139.0
3722,132.7
3723,104.7
3724,140.0
3725,156.56
3726,140.0
3727,150.8
3728,104.0
3729,142.0
3730,78.5
3731,157.6
3732,125.75999999999999
3733,162.0
3734,141.4
3735,134.9
3736,135.5
3737,132.4
3738,104.0
3739,148.5
3740,144.5
3741,114.0
3742,160.0
3743,134.16
3744,140.0
3745,160.0
3746,60.9
3747,134.9
3748,149.8
3749,88.5
3750,157.6
3751,145.8
3752,160.0
3753,133.56
3754,140.0
3755,132.3
3756,35.3
3757,46.3
3758,159.0
3759,121.0
3760,94.4
3761,72.2
3762,160.0
3763,160.0
3764,157.6
3765,139.0
3766,159.0
3767,148.5
3768,124.0
3769,135.5
3770,134.5
3771,160.0
3772,150.4
3773,132.0
3774,79.4
3775,119.5
3776,133.8
3777,152.4
3778,135.5
3779,139.0
3780,107.0
3781,137.0
3782,136.56
3783,131.0
3784,137.0
3785,160.0
3786,135.5
3787,157.6
3788,103.0
3789,135.5
3790,138.5
3791,137.0
3792,115.0
3793,155.56
3794,123.3
3795,113.0
3796,159.0
3797,92.0
3798,117.6
3799,156.7
3800,118.0
3801,139.0
3802,117.4
3803,45.099999999999994
3804,160.0
3805,156.56
3806,132.8
3807,139.0
3808,148.5
3809,160.0
3810,111.9
3811,126.0
3812,144.5
3813,160.0
3814,93.8
3815,110.89999999999999
3816,124.2
3817,126.0
3818,119.5
3819,123.3
3820,109.5
3821,98.0
3822,138.5
3823,129.4
3824,160.0
3825,160.0
3826,129.9
3827,137.0
3828,122.7
3829,135.5
3830,132.8
3831,124.7
3832,119.0
3833,96.5
3834,156.7
3835,137.0
3836,129.0
3837,128.5
3838,160.0
3839,123.3
3840,99.0
3841,129.2
3842,162.0
3843,160.0
3844,106.30000000000001
3845,86.0
3846,122.8
3847,114.8
3848,132.06
3849,12.899999999999999
3850,123.3
3851,123.3
3852,156.8
3853,147.5
3854,113.1
3855,157.0
3856,121.0
3857,159.6
3858,160.0
3859,134.5
3860,139.4
3861,145.5
3862,121.30000000000001
3863,132.3
3864,115.56
3865,115.0
3866,95.9
3867,89.8
3868,113.1
3869,137.0
3870,114.5
3871,103.0
3872,157.0
3873,155.0
3874,128.0
3875,142.8
3876,119.5
3877,157.6
3878,144.5
3879,116.9
3880,149.8
3881,141.0
3882,138.5
3883,121.0
3884,156.7
3885,86.86
3886,129.0
3887,137.2
3888,157.6
3889,120.5
3890,99.5
3891,118.5
3892,90.7
3893,160.0
3894,129.2
3895,122.5
3896,160.0
3897,160.0
3898,116.06
3899,162.0
3900,104.5
3901,160.0
3902,95.10000000000001
3903,119.06
3904,137.0
3905,121.0
3906,157.0
3907,140.0
3908,96.4
3909,129.2
3910,160.0
3911,144.8
3912,147.86
3913,135.5
3914,147.8
3915,128.5
3916,157.6
3917,132.4
3918,121.0
3919,115.8
3920,121.0
3921,156.56
3922,160.0
3923,153.8
3924,160.0
3925,160.0
3926,156.8
3927,162.0
3928,155.6
3929,134.5
3930,119.5
3931,156.7
3932,149.2
3933,117.1
3934,132.4
3935,160.0
3936,160.0
3937,132.2
3938,129.0
3939,119.0
3940,140.0
3941,132.3
3942,125.5
3943,129.4
3944,88.3
3945,157.6
3946,139.0
3947,137.0
3948,157.0
3949,94.4
3950,130.9
3951,144.2
3952,90.2
3953,98.6
3954,119.5
3955,113.5
3956,137.6
3957,120.0
3958,157.0
3959,160.0
3960,140.0
3961,137.0
3962,35.2
3963,100.3
3964,156.0
3965,137.0
3966,157.2
3967,154.0
3968,137.6
3969,158.0
3970,116.8
3971,129.2
3972,126.0
3973,160.0
3974,134.5
3975,74.5
3976,97.46000000000001
3977,155.7
3978,134.9
3979,118.0
3980,149.0
3981,140.0
3982,135.5
3983,160.0
3984,108.5
3985,160.0
3986,162.0
3987,160.0
3988,111.4
3989,115.0
3990,150.8
3991,157.0
3992,160.0
3993,108.6
3994,140.0
3995,132.8
3996,162.0
3997,160.0
3998,132.0
3999,156.56
4000,105.5
4001,144.5
4002,100.0
4003,132.8
4004,160.0
4005,147.5
4006,144.5
4007,127.0
4008,97.3
4009,130.5
4010,160.0
4011,144.5
4012,103.9
4013,137.0
4014,88.3
4015,116.5
4016,154.0
4017,146.1
4018,154.0
4019,92.0
4020,117.5
4021,137.0
4022,136.7
4023,84.0
4024,160.0
4025,124.0
4026,135.6
4027,160.0
4028,159.0
4029,145.8
4030,124.8
4031,160.0
4032,87.0
4033,119.0
4034,91.1
4035,104.0
4036,153.3
4037,159.0
4038,159.0
4039,121.96000000000001
4040,129.2
4041,151.2
4042,134.0
4043,112.4
4044,132.0
4045,132.3
4046,89.2
4047,95.0
4048,83.9
4049,139.0
4050,162.0
4051,128.0
4052,139.6
4053,74.7
4054,160.0
4055,124.06
4056,156.8
4057,160.0
4058,133.8
4059,105.9
4060,142.0
4061,140.0
4062,117.5
4063,136.6
4064,115.7
4065,162.0
4066,72.1
4067,133.4
4068,129.5
4069,156.0
4070,149.0
4071,81.8
4072,118.5
4073,136.4
4074,72.0
4075,133.4
4076,132.8
4077,160.0
4078,102.4
4079,109.4
4080,160.0
4081,155.6
4082,160.0
4083,128.8
4084,125.4
4085,121.7
4086,135.6
4087,137.0
4088,147.5
4089,155.56
4090,139.0
4091,153.7
4092,116.5
4093,146.0
4094,135.5
4095,114.0
4096,64.8
4097,154.56
4098,160.0
4099,137.0
4100,119.8
4101,122.7
4102,137.0
4103,160.0
4104,147.39999999999998
4105,92.9
4106,160.0
4107,124.5
4108,154.0
4109,159.0
4110,156.8
4111,28.5
4112,152.4
4113,154.0
4114,152.6
4115,98.8
4116,86.6
4117,149.0
4118,147.8
4119,84.0
4120,132.8
4121,148.0
4122,129.5
4123,137.0
4124,146.0
4125,134.0
4126,122.8
4127,140.0
4128,140.0
4129,160.0
4130,157.6
4131,105.0
4132,159.0
4133,156.8
4134,142.0
4135,144.5
4136,158.8
4137,106.0
4138,139.0
4139,90.80000000000001
4140,137.0
4141,83.5
4142,121.5
4143,96.5
4144,88.1
4145,120.5
4146,132.3
4147,155.8
4148,130.5
4149,142.5
4150,140.0
4151,101.0
4152,91.6
4153,118.0
4154,92.9
4155,115.0
4156,125.8
4157,128.5
4158,137.0
4159,146.0
4160,108.0
4161,101.5
4162,137.0
4163,131.2
4164,104.0
4165,137.0
4166,71.0
4167,128.8
4168,157.6
4169,159.0
4170,147.8
4171,119.0
4172,115.0
4173,129.6
4174,135.5
4175,117.0
4176,96.3
4177,149.0
4178,111.9
4179,155.8
4180,160.0
4181,115.0
4182,125.4
4183,19.199999999999996
4184,116.2
4185,133.7
4186,120.5
4187,132.8
4188,160.0
4189,103.5
4190,116.2
4191,160.0
4192,136.4
4193,141.0
4194,154.0
4195,159.0
4196,156.0
4197,134.6
4198,162.0
4199,129.0
4200,132.0
4201,160.0
4202,133.0
4203,137.6
4204,127.0
4205,136.0
4206,155.6
4207,160.0
4208,147.8
4209,93.80000000000001
4210,160.0
4211,96.6
4212,137.0
4213,159.0
4214,160.0
4215,133.4
4216,111.2
4217,87.4
4218,155.6
4219,133.8
4220,136.3
4221,112.0
4222,152.8
4223,160.0
4224,134.9
4225,156.0
4226,119.5
4227,135.5
4228,140.5
4229,114.8
4230,124.0
4231,148.4
4232,133.8
4233,137.0
4234,80.8
4235,114.39999999999999
4236,79.30000000000001
4237,156.7
4238,144.3
4239,98.4
4240,140.0
4241,93.6
4242,133.0
4243,136.8
4244,157.6
4245,94.4
4246,158.7
4247,139.0
4248,156.0
4249,95.36
4250,157.6
4251,132.8
4252,113.5
4253,129.6
4254,155.56
4255,105.5
4256,151.2
4257,139.0
4258,132.4
4259,131.5
4260,129.2
4261,100.5
4262,136.0
4263,113.39999999999999
4264,131.8
4265,105.5
4266,157.0
4267,103.0
4268,160.0
4269,118.36
4270,134.9
4271,100.0
4272,74.30000000000001
4273,155.6
4274,160.0
4275,116.0
4276,105.7
4277,119.5
4278,147.8
4279,105.6
4280,112.8
4281,141.0
4282,134.6
4283,128.0
4284,110.3
4285,147.8
4286,103.0
4287,135.5
4288,119.2
4289,129.0
4290,156.56
4291,111.8
4292,102.4
4293,94.0
4294,160.0
4295,159.0
4296,140.0
4297,137.0
4298,69.4
4299,149.2
4300,135.5
4301,94.19999999999999
4302,116.0
4303,126.5
4304,132.0
4305,51.599999999999994
4306,121.0
4307,160.0
4308,129.2
4309,124.2
4310,133.7
4311,139.0
4312,117.4
4313,156.5
4314,134.5
4315,156.7
4316,126.6
4317,160.0
4318,118.5
4319,153.56
4320,154.4
4321,84.0
4322,114.0
4323,118.0
4324,162.0
4325,129.0
4326,132.8
4327,160.0
4328,94.4
4329,160.0
4330,94.8
4331,132.3
4332,107.3
4333,137.0
4334,131.0
4335,142.7
4336,158.0
4337,118.0
4338,98.8
4339,136.9
4340,158.0
4341,139.0
4342,156.7
4343,156.0
4344,99.5
4345,114.4
4346,152.5
4347,134.6
4348,129.36
4349,138.5
4350,133.6
4351,139.0
4352,139.0
4353,137.0
4354,156.0
4355,134.8
4356,133.8
4357,129.0
4358,160.0
4359,128.5
4360,158.7
4361,130.2
4362,101.5
4363,129.4
4364,154.16
4365,137.0
4366,82.4
4367,135.5
4368,146.6
4369,133.4
4370,145.06
4371,121.0
4372,113.4
4373,159.0
4374,160.0
4375,97.3
4376,52.199999999999996
4377,118.0
4378,132.3
4379,117.0
4380,156.8
4381,92.5
4382,147.8
4383,157.0
4384,76.3
4385,134.9
4386,126.0
4387,135.2
4388,121.0
4389,160.0
4390,125.9
4391,117.8
4392,157.0
4393,140.0
4394,115.0
4395,160.0
4396,136.0
4397,138.5
4398,160.0
4399,134.9
4400,75.8
4401,136.4
4402,128.3
4403,122.4
4404,72.4
4405,146.0
4406,89.3
4407,162.0
4408,115.0
4409,162.0
4410,137.0
4411,160.0
4412,112.2
4413,100.80000000000001
4414,160.0
4415,154.0
4416,114.6
4417,160.0
4418,147.0
4419,112.4
4420,160.0
4421,123.9
4422,136.8
4423,160.0
4424,160.0
4425,72.3
4426,162.0
4427,83.06
4428,110.6
4429,122.4
4430,124.8
4431,115.0
4432,141.0
4433,145.5
4434,153.4
4435,110.0
4436,121.0
4437,111.0
4438,155.6
4439,95.0
4440,157.0
4441,156.8
4442,116.0
4443,160.0
4444,114.2
4445,127.5
4446,94.8
4447,150.4
4448,94.90000000000002
4449,136.26
4450,135.5
4451,125.96
4452,118.0
4453,159.0
4454,137.6
4455,108.0
4456,152.4
4457,115.0
4458,156.8
4459,134.6
4460,147.8
4461,140.0
4462,128.8
4463,74.3
4464,160.0
4465,157.0
4466,133.0
4467,147.8
4468,160.0
4469,129.2
4470,159.0
4471,137.6
4472,92.6
4473,126.0
4474,139.0
4475,158.0
4476,118.0
4477,134.9
4478,119.5
4479,130.2
4480,142.0
4481,131.3
4482,96.2
4483,141.8
4484,155.7
4485,147.8
4486,61.03999999999999
4487,114.5
4488,95.8
4489,157.0
4490,133.4
4491,99.46000000000001
4492,109.2
4493,149.0
4494,140.0
4495,133.7
4496,155.0
4497,129.2
4498,160.0
4499,114.6
4500,155.8
4501,69.19999999999999
4502,159.0
4503,160.0
4504,137.0
4505,103.0
4506,150.8
4507,132.0
4508,160.0
4509,157.0
4510,137.6
4511,120.0
4512,150.36
4513,160.0
4514,135.7
4515,160.0
4516,137.0
4517,157.0
4518,152.39999999999998
4519,137.0
4520,130.6
4521,113.8
4522,156.0
4523,133.0
4524,160.0
4525,88.3
4526,148.5
4527,125.8
4528,117.0
4529,111.6
4530,112.0
4531,129.4
4532,128.6
4533,134.5
4534,121.0
4535,109.8
4536,115.0
4537,159.0
4538,132.0
4539,156.5
4540,117.4
4541,160.0
4542,123.9
4543,131.6
4544,160.0
4545,159.0
4546,160.0
4547,129.2
4548,133.4
4549,138.0
4550,160.0
4551,160.0
4552,140.5
4553,124.0
4554,124.0
4555,76.4
4556,142.8
4557,117.0
4558,92.9
4559,133.6
4560,160.0
4561,118.0
4562,121.0
4563,156.0
4564,160.0
4565,113.1
4566,125.7
4567,121.0
4568,158.0
4569,129.4
4570,119.5
4571,160.0
4572,140.5
4573,135.5
4574,160.0
4575,60.8
4576,152.4
4577,141.0
4578,110.0
4579,100.8
4580,160.0
4581,112.2
4582,156.0
4583,136.56
4584,110.5
4585,121.0
4586,137.0
4587,135.0
4588,121.5
4589,128.7
4590,137.0
4591,160.0
4592,76.69999999999999
4593,158.0
4594,141.0
4595,157.0
4596,133.4
4597,151.0
4598,117.4
4599,154.0
4600,109.66
4601,137.0
4602,156.7
4603,115.0
4604,92.2
4605,141.0
4606,128.8
4607,159.0
4608,146.0
4609,160.0
4610,136.7
4611,159.6
4612,149.92000000000002
4613,58.2
4614,136.4
4615,93.0
4616,160.0
4617,116.5
4618,121.0
4619,91.75999999999999
4620,140.0
4621,134.9
4622,144.5
4623,104.5
4624,128.0
4625,137.0
4626,132.8
4627,137.0
4628,90.7
4629,159.0
4630,154.0
4631,122.5
4632,156.0
4633,157.0
4634,133.56
4635,137.0
4636,157.0
4637,159.0
4638,157.0
4639,156.8
4640,132.0
4641,118.8
4642,129.2
4643,136.0
4644,125.0
4645,138.0
4646,157.0
4647,115.2
4648,160.0
4649,94.4
4650,129.95999999999998
4651,132.5
4652,119.0
4653,129.0
4654,159.0
4655,140.0
4656,86.4
4657,25.96
4658,160.0
4659,104.5
4660,151.2
4661,160.0
4662,137.0
4663,76.0
4664,2.299999999999997
4665,115.5
4666,80.4
4667,63.0
4668,60.5
4669,139.0
4670,159.0
4671,137.0
4672,157.0
4673,151.0
4674,130.20000000000002
4675,129.0
4676,113.4
4677,131.0
4678,54.8
4679,160.0
4680,156.56
4681,142.7
4682,87.19999999999999
4683,160.0
4684,160.0
4685,160.0
4686,133.0
4687,157.2
4688,144.5
4689,122.56
4690,133.0
4691,141.0
4692,160.0
4693,160.0
4694,143.4
4695,131.3
4696,70.0
4697,158.0
4698,139.0
4699,143.16
4700,113.8
4701,94.6
4702,70.0
4703,137.0
4704,107.5
4705,147.4
4706,132.0
4707,110.0
4708,144.5
4709,108.5
4710,160.0
4711,96.5
4712,156.0
4713,137.0
4714,156.7
4715,159.0
4716,121.8
4717,159.0
4718,128.8
4719,119.0
4720,127.1
4721,133.2
4722,141.39999999999998
4723,148.5
4724,103.5
4725,138.6
4726,160.0
4727,115.0
4728,141.0
4729,117.7
4730,157.0
4731,129.0
4732,116.4
4733,115.0
4734,103.8
4735,136.7
4736,162.0
4737,159.0
4738,130.4
4739,85.4
4740,150.39999999999998
4741,135.5
4742,137.0
4743,160.0
4744,89.2
4745,143.39999999999998
4746,144.6
4747,157.6
4748,122.7
4749,128.8
4750,143.0
4751,150.4
4752,140.0
4753,115.0
4754,144.0
4755,128.5
4756,135.5
4757,160.0
4758,144.8
4759,139.0
4760,160.0
4761,160.0
4762,133.4
4763,160.0
4764,108.19999999999999
4765,134.9
4766,119.0
4767,154.5
4768,156.7
4769,160.0
4770,86.4
4771,160.0
4772,75.4
4773,108.0
4774,119.5
4775,151.2
4776,118.0
4777,149.0
4778,155.6
4779,135.5
4780,137.0
4781,114.26
4782,159.0
4783,148.5
4784,114.6
4785,110.5
4786,132.0
4787,97.0
4788,145.0
4789,44.4
4790,97.5
4791,120.1
4792,131.0
4793,135.3
4794,139.0
4795,112.4
4796,115.0
4797,112.56
4798,128.7
4799,94.4
4800,99.39999999999999
4801,131.3
4802,159.0
4803,139.0
4804,149.0
4805,132.0
4806,133.0
4807,157.0
4808,159.0
4809,116.0
4810,115.16
4811,140.0
4812,127.8
4813,137.6
4814,129.5
4815,147.2
4816,93.4
4817,146.0
4818,160.0
4819,135.6
4820,159.0
4821,160.0
4822,127.5
4823,160.0
4824,140.0
4825,137.0
4826,109.7
4827,106.8
4828,98.9
4829,94.36
4830,124.8
4831,133.8
4832,102.7
4833,154.0
4834,127.39999999999999
4835,130.2
4836,159.0
4837,129.2
4838,115.0
4839,101.2
4840,136.2
4841,153.4
4842,159.0
4843,109.36
4844,74.5
4845,137.0
4846,133.7
4847,139.0
4848,116.0
4849,117.46000000000001
4850,157.0
4851,136.4
4852,113.1
4853,121.3
4854,106.5
4855,124.2
4856,139.0
4857,113.0
4858,76.9
4859,162.0
4860,149.0
4861,95.0
4862,142.0
4863,157.6
4864,159.0
4865,140.0
4866,91.5
4867,151.2
4868,152.7
4869,148.5
4870,156.0
4871,151.2
4872,132.96
4873,110.6
4874,136.0
4875,115.0
4876,158.0
4877,154.0
4878,125.5
4879,158.0
4880,156.56
4881,100.1
4882,123.4
4883,124.6
4884,132.0
4885,140.0
4886,121.5
4887,137.0
4888,116.0
4889,134.5
4890,149.8
4891,97.80000000000001
4892,129.2
4893,69.5
4894,76.0
4895,156.7
4896,160.0
4897,160.0
4898,133.0
4899,99.5
4900,159.0
4901,119.8
4902,103.4
4903,124.5
4904,115.0
4905,162.0
4906,110.8
4907,160.0
4908,130.6
4909,158.56
4910,129.4
4911,134.5
4912,160.0
4913,122.2
4914,99.9
4915,147.8
4916,113.0
4917,144.5
4918,130.2
4919,139.0
4920,140.5
4921,137.6
4922,155.7
4923,129.4
4924,70.0
4925,110.39999999999999
4926,155.0
4927,113.5
4928,124.4
4929,132.0
4930,160.0
4931,152.4
4932,89.6
4933,114.8
4934,148.0
4935,132.0
4936,132.0
4937,160.0
4938,113.06
4939,130.0
4940,108.0
4941,78.4
4942,128.8
4943,160.0
4944,160.0
4945,108.5
4946,139.0
4947,132.0
4948,142.8
4949,160.0
4950,110.5
4951,157.0
4952,135.5
4953,119.0
4954,159.0
4955,156.8
4956,152.8
4957,129.0
4958,140.0
4959,157.0
4960,148.0
4961,160.0
4962,140.0
4963,103.8
4964,132.8
4965,160.0
4966,136.6
4967,114.8
4968,129.0
4969,156.7
4970,160.0
4971,112.4
4972,139.5
4973,159.0
4974,153.36
4975,135.5
4976,148.6
4977,99.8
4978,151.2
4979,100.0
4980,109.3
4981,134.6
4982,160.0
4983,108.5
4984,156.8
4985,130.2
4986,158.0
4987,155.6
4988,111.8
4989,125.0
4990,154.0
4991,144.5
4992,160.0
4993,133.0
4994,159.0
4995,159.0
4996,148.4
4997,129.0
4998,129.0
4999,129.0
5000,135.7
5001,86.6
5002,133.5
5003,156.7
5004,153.8
5005,137.0
5006,157.0
5007,115.5
5008,155.7
5009,134.0
5010,134.9
5011,128.8
5012,89.4
5013,160.0
5014,103.0
5015,130.8
5016,92.9
5017,139.6
5018,118.2
5019,135.5
5020,132.0
5021,110.0
5022,141.0
5023,65.9
5024,160.0
5025,153.8
5026,79.8
5027,121.0
5028,160.0
5029,119.5
5030,132.60000000000002
5031,157.0
5032,160.0
5033,115.8
5034,98.5
5035,160.0
5036,137.0
5037,87.8
5038,160.0
5039,92.9
5040,117.5
5041,125.9
5042,100.9
5043,129.4
5044,103.9
5045,156.56
5046,80.1
5047,115.0
5048,160.0
5049,126.0
5050,148.5
5051,133.7
5052,99.0
5053,115.0
5054,160.0
5055,69.9
5056,113.1
5057,117.4
5058,121.75999999999999
5059,104.69999999999999
5060,135.5
5061,160.0
5062,160.0
5063,137.6
5064,72.0
5065,159.0
5066,160.0
5067,160.0
5068,104.7
5069,115.5
5070,116.9
5071,159.0
5072,121.0
5073,121.96
5074,160.0
5075,64.9
5076,135.5
5077,160.0
5078,156.8
5079,75.0
5080,101.0
5081,128.0
5082,123.3
5083,144.5
5084,146.0
5085,143.2
5086,160.0
5087,160.0
5088,123.7
5089,147.2
5090,108.7
5091,160.0
5092,155.6
5093,140.0
5094,81.5
5095,107.0
5096,160.0
5097,143.6
5098,106.0
5099,92.6
5100,156.56
5101,103.5
5102,132.0
5103,109.5
5104,146.6
5105,160.0
5106,116.19999999999999
5107,89.5
5108,159.0
5109,115.0
5110,147.8
5111,120.3
5112,127.5
5113,155.6
5114,140.0
5115,51.599999999999994
5116,119.0
5117,124.3
5118,132.8
5119,135.6
5120,133.4
5121,133.4
5122,124.9
5123,144.5
5124,134.9
5125,68.53999999999999
5126,108.5
5127,160.0
5128,92.9
5129,102.6
5130,155.56
5131,127.0
5132,149.0
5133,94.4
5134,132.8
5135,145.06
5136,147.8
5137,108.4
5138,60.0
5139,160.0
5140,160.0
5141,124.8
5142,74.2
5143,88.5
5144,137.0
5145,149.0
5146,126.5
5147,140.5
5148,117.7
5149,160.0
5150,154.3
5151,148.4
5152,115.66
5153,162.0
5154,156.0
5155,148.0
5156,160.0
5157,118.0
5158,121.0
5159,129.2
5160,156.39999999999998
5161,160.0
5162,156.56
5163,140.2
5164,157.2
5165,94.6
5166,121.8
5167,132.0
5168,116.5
5169,156.8
5170,133.4
5171,96.4
5172,108.0
5173,104.19999999999999
5174,146.0
5175,126.36
5176,132.0
5177,92.9
5178,156.0
5179,152.4
5180,154.4
5181,120.56
5182,158.56
5183,119.5
5184,155.6
5185,123.5
5186,160.0
5187,111.8
5188,146.0
5189,160.0
5190,124.8
5191,120.5
5192,133.7
5193,100.0
5194,114.0
5195,160.0
5196,133.4
5197,160.0
5198,117.2
5199,114.5
5200,119.5
5201,126.6
5202,87.19999999999999
5203,116.0
5204,92.9
5205,113.4
5206,137.0
5207,158.0
5208,122.5
5209,135.5
5210,157.6
5211,160.0
5212,140.0
5213,128.0
5214,147.8
5215,137.0
5216,132.8
5217,100.5
5218,105.5
5219,135.5
5220,110.3
5221,140.0
5222,105.8
5223,160.0
5224,160.0
5225,149.0
5226,154.0
5227,128.6
5228,154.0
5229,132.8
5230,124.2
5231,160.0
5232,132.3
5233,146.0
5234,149.0
5235,160.0
5236,149.0
5237,149.2
5238,129.0
5239,160.0
5240,136.4
5241,149.8
5242,104.6
5243,156.0
5244,155.8
5245,139.0
5246,133.4
5247,115.2
5248,106.16
5249,130.2
5250,132.0
5251,149.7
5252,160.0
5253,106.8
5254,140.5
5255,159.0
5256,160.0
5257,159.0
5258,69.5
5259,133.0
5260,137.0
5261,152.6
5262,135.5
5263,85.72
5264,160.0
5265,75.5
5266,101.6
5267,119.0
5268,128.8
5269,118.5
5270,88.5
5271,160.0
5272,112.6
5273,120.5
5274,105.0
5275,106.8
5276,122.5
5277,125.4
5278,98.0
5279,140.0
5280,128.8
5281,141.0
5282,155.7
5283,160.0
5284,135.0
5285,148.5
5286,133.3
5287,112.4
5288,137.0
5289,119.0
5290,118.0
5291,140.0
5292,88.0
5293,156.8
5294,119.0
5295,160.0
5296,135.5
5297,118.4
5298,153.7
5299,150.5
5300,155.8
5301,156.7
5302,159.0
5303,148.5
5304,137.0
5305,70.19999999999999
5306,118.5
5307,97.2
5308,128.8
5309,119.0
5310,134.6
5311,160.0
5312,160.0
5313,48.3
5314,162.0
5315,144.5
5316,135.5
5317,129.2
5318,135.8
5319,157.6
5320,162.0
5321,151.2
5322,105.8
5323,114.8
5324,85.4
5325,95.0
5326,161.0
5327,157.0
5328,148.4
5329,149.1
5330,132.0
5331,68.4
5332,102.1
5333,133.0
5334,144.5
5335,157.6
5336,133.4
5337,136.4
5338,160.0
5339,156.0
5340,156.7
5341,138.0
5342,76.5
5343,116.5
5344,121.0
5345,135.5
5346,76.69999999999999
5347,137.0
5348,150.4
5349,137.2
5350,150.4
5351,113.2
5352,137.0
5353,72.0
5354,160.0
5355,129.9
5356,131.0
5357,160.0
5358,127.5
5359,125.5
5360,134.9
5361,98.1
5362,156.0
5363,156.8
5364,132.0
5365,91.1
5366,117.0
5367,160.0
5368,160.0
5369,160.0
5370,125.56
5371,140.5
5372,63.199999999999996
5373,160.0
5374,75.0
5375,139.0
5376,145.8
5377,95.0
5378,154.8
5379,160.0
5380,126.0
5381,138.5
5382,137.0
5383,133.8
5384,71.5
5385,116.4
5386,100.0
5387,160.0
5388,142.0
5389,160.0
5390,121.5
5391,115.0
5392,136.5
5393,125.5
5394,104.5
5395,129.0
5396,119.0
5397,160.0
5398,158.0
5399,90.19999999999999
5400,162.0
5401,109.2
5402,160.0
5403,135.2
5404,160.0
5405,129.4
5406,132.3
5407,159.0
5408,140.0
5409,142.0
5410,121.0
5411,98.8
5412,91.5
5413,156.0
5414,126.6
5415,160.0
5416,135.7
5417,148.5
5418,113.96000000000001
5419,151.8
5420,129.36
5421,112.0
5422,146.1
5423,120.8
5424,132.6
5425,127.1
5426,95.2
5427,129.8
5428,160.0
5429,142.0
5430,157.6
5431,111.56
5432,143.4
5433,133.4
5434,101.0
5435,115.0
5436,122.8
5437,74.5
5438,158.0
5439,156.8
5440,160.0
5441,122.2
5442,145.2
5443,156.8
5444,125.5
5445,156.56
5446,160.0
5447,108.5
5448,160.0
5449,144.36
5450,133.4
5451,55.599999999999994
5452,115.0
5453,119.8
5454,125.4
5455,160.0
5456,160.0
5457,160.0
5458,129.0
5459,148.5
5460,160.0
5461,159.0
5462,149.0
5463,127.5
5464,126.0
5465,149.0
5466,127.5
5467,145.56
5468,118.2
5469,121.0
5470,139.0
5471,96.3
5472,130.2
5473,136.0
5474,148.0
5475,133.1
5476,132.8
5477,140.6
5478,137.0
5479,116.2
5480,144.5
5481,117.4
5482,159.0
5483,96.9
5484,160.0
5485,132.4
5486,115.0
5487,160.0
5488,111.0
5489,125.0
5490,121.3
5491,160.0
5492,156.0
5493,131.2
5494,150.4
5495,121.0
5496,159.0
5497,98.0
5498,115.96000000000001
5499,160.0
5500,77.5
5501,135.5
5502,159.0
5503,140.0
5504,160.0
5505,98.8
5506,117.4
5507,160.0
5508,133.4
5509,114.8
5510,113.9
5511,121.5
5512,108.1
5513,99.2
5514,140.0
5515,141.0
5516,160.0
5517,137.6
5518,150.5
5519,133.56
5520,116.9
5521,126.7
5522,135.5
5523,160.0
5524,160.0
5525,133.8
5526,119.5
5527,119.6
5528,130.6
5529,96.5
5530,160.0
5531,137.0
5532,160.0
5533,156.8
5534,111.56
5535,132.8
5536,137.0
5537,139.0
5538,115.0
5539,160.0
5540,131.7
5541,111.7
5542,116.8
5543,160.0
5544,118.0
5545,154.0
5546,95.9
5547,100.5
5548,101.2
5549,133.4
5550,146.0
5551,117.4
5552,125.9
5553,137.0
5554,93.5
5555,137.0
5556,157.6
5557,124.8
5558,104.1
5559,157.0
5560,110.3
5561,156.7
5562,125.0
5563,111.7
5564,-9.200000000000003
5565,129.0
5566,131.0
5567,132.0
5568,140.0
5569,160.0
5570,100.4
5571,83.0
5572,141.0
5573,160.0
5574,106.8
5575,133.4
5576,160.0
5577,117.4
5578,144.5
5579,160.0
5580,129.0
5581,156.0
5582,137.0
5583,148.4
5584,111.1
5585,132.3
5586,124.06
5587,88.9
5588,155.8
5589,140.3
5590,134.0
5591,134.9
5592,148.0
5593,130.2
5594,124.8
5595,148.6
5596,129.0
5597,125.6
5598,139.0
5599,155.6
5600,117.4
5601,108.6
5602,160.0
5603,139.0
5604,117.4
5605,82.80000000000001
5606,148.5
5607,133.0
5608,114.96
5609,139.0
5610,100.0
5611,119.9
5612,159.0
5613,106.0
5614,88.0
5615,102.0
5616,129.2
5617,116.5
5618,97.7
5619,160.0
5620,149.0
5621,120.5
5622,121.0
5623,137.0
5624,155.8
5625,127.7
5626,140.36
5627,78.5
5628,108.5
5629,124.0
5630,148.5
5631,110.5
5632,149.0
5633,107.8
5634,96.0
5635,122.9
5636,156.7
5637,121.5
5638,128.8
5639,122.7
5640,157.2
5641,160.0
5642,108.0
5643,148.0
5644,102.0
5645,160.0
5646,93.7
5647,126.0
5648,156.7
5649,144.8
5650,133.0
5651,135.5
5652,102.39999999999999
5653,136.2
5654,133.8
5655,149.0
5656,108.0
5657,149.0
5658,135.5
5659,150.4
5660,134.5
5661,160.0
5662,147.5
5663,160.0
5664,135.5
5665,160.0
5666,152.56
5667,98.2
5668,137.0
5669,152.16
5670,137.0
5671,152.4
5672,132.0
5673,159.0
5674,162.0
5675,121.0
5676,159.0
5677,123.5
5678,116.5
5679,129.6
5680,116.5
5681,128.7
5682,137.0
5683,76.8
5684,162.0
5685,160.0
5686,160.0
5687,121.8
5688,157.6
5689,101.36
5690,160.0
5691,145.0
5692,118.5
5693,119.7
5694,136.0
5695,125.3
5696,162.0
5697,148.5
5698,152.4
5699,111.0
5700,150.8
5701,143.8
5702,74.5
5703,112.0
5704,104.5
5705,148.5
5706,135.5
5707,137.0
5708,156.7
5709,129.4
5710,156.7
5711,137.0
5712,156.5
5713,133.0
5714,156.0
5715,160.0
5716,109.4
5717,137.0
5718,159.6
5719,160.0
5720,139.6
5721,124.5
5722,116.8
5723,123.0
5724,121.0
5725,160.0
5726,140.0
5727,90.8
5728,157.0
5729,160.0
5730,119.0
5731,137.0
5732,156.7
5733,126.0
5734,94.4
5735,121.6
5736,120.9
5737,116.8
5738,121.36
5739,125.4
5740,130.6
5741,160.0
5742,105.19999999999999
5743,132.8
5744,131.60000000000002
5745,162.0
5746,154.0
5747,132.5
5748,157.6
5749,110.0
5750,128.8
5751,160.0
5752,137.0
5753,146.0
5754,159.0
5755,101.0
5756,160.0
5757,110.5
5758,156.5
5759,125.0
5760,134.9
5761,113.1
5762,137.0
5763,147.8
5764,153.8
5765,160.0
5766,155.8
5767,140.0
5768,98.5
5769,160.0
5770,135.5
5771,135.5
5772,138.2
5773,113.96000000000001
5774,80.1
5775,100.0
5776,133.56
5777,137.0
5778,129.4
5779,154.16
5780,115.0
5781,120.0
5782,140.2
5783,160.0
5784,162.0
5785,146.0
5786,90.39999999999999
5787,132.8
5788,160.0
5789,74.19999999999999
5790,160.0
5791,159.0
5792,105.0
5793,137.0
5794,139.0
5795,106.9
5796,146.0
5797,115.0
5798,137.0
5799,126.10000000000001
5800,160.0
5801,132.6
5802,135.5
5803,160.0
5804,160.0
5805,127.0
5806,69.0
5807,104.4
5808,108.0
5809,160.0
5810,117.0
5811,157.6
5812,156.8
5813,160.0
5814,115.0
5815,135.5
5816,160.0
5817,137.0
5818,136.8
5819,71.06
5820,137.0
5821,162.0
5822,140.0
5823,131.6
5824,160.0
5825,137.0
5826,124.5
5827,71.6
5828,144.0
5829,156.56
5830,133.4
5831,160.0
5832,157.6
5833,119.2
5834,137.0
5835,160.0
5836,147.0
5837,97.4
5838,152.3
5839,139.5
5840,122.2
5841,107.9
5842,128.5
5843,128.8
5844,110.7
5845,91.5
5846,144.5
5847,126.9
5848,128.8
5849,159.0
5850,74.3
5851,115.3
5852,133.4
5853,96.6
5854,111.7
5855,109.0
5856,113.19999999999999
5857,138.0
5858,70.9
5859,157.6
5860,137.0
5861,159.6
5862,121.0
5863,124.36
5864,155.8
5865,137.6
5866,160.0
5867,137.6
5868,154.39999999999998
5869,113.9
5870,148.5
5871,160.0
5872,148.4
5873,87.8
5874,130.4
5875,156.7
5876,113.5
5877,122.39999999999999
5878,137.0
5879,137.0
5880,125.75999999999999
5881,121.0
5882,92.1
5883,95.66
5884,127.5
5885,110.2
5886,106.4
5887,135.5
5888,121.9
5889,160.0
5890,129.8
5891,160.0
5892,74.0
5893,160.0
5894,159.0
5895,144.5
5896,157.6
5897,135.5
5898,147.0
5899,105.8
5900,155.6
5901,152.4
5902,133.5
5903,144.5
5904,101.56
5905,160.0
5906,139.0
5907,137.0
5908,139.0
5909,160.0
5910,139.0
5911,140.0
5912,137.0
5913,140.5
5914,115.0
5915,159.0
5916,75.8
5917,160.0
5918,160.0
5919,149.0
5920,140.0
5921,144.5
5922,141.0
5923,160.0
5924,129.0
5925,58.0
5926,135.5
5927,109.20000000000002
5928,125.7
5929,143.8
5930,138.0
5931,114.5
5932,160.0
5933,137.0
5934,148.5
5935,140.0
5936,119.5
5937,147.5
5938,133.8
5939,115.0
5940,160.0
5941,155.7
5942,119.5
5943,119.5
5944,156.8
5945,76.9
5946,115.9
5947,156.8
5948,113.0
5949,133.76
5950,146.0
5951,160.0
5952,129.2
5953,140.5
5954,125.4
5955,78.0
5956,125.1
5957,160.0
5958,136.0
5959,96.5
5960,133.56
5961,149.0
5962,140.0
5963,128.0
5964,138.5
5965,125.4
5966,98.2
5967,108.0
5968,162.0
5969,156.7
5970,137.4
5971,160.0
5972,119.6
5973,154.0
5974,125.4
5975,67.79999999999998
5976,137.0
5977,132.4
5978,119.0
5979,160.0
5980,54.5
5981,121.0
5982,135.5
5983,160.0
5984,159.0
5985,83.8
5986,62.4
5987,124.3
5988,121.5
5989,115.0
5990,155.56
5991,20.799999999999997
5992,109.96000000000001
5993,115.3
5994,152.56
5995,160.0
5996,127.7
5997,156.8
5998,140.0
5999,119.0
6000,101.8
